algorithm,route,seed,split,status,normal,placed,redistributed,utilization,height,minSupport,minMargin,planMs,p95Ms,candidates,moves,rehandles,bufferPeak,mixed,rejected,fingerprint
random,pooled,20261010,discovery,finished,36,31,9,0.46879394910714284,667,0.9551820728291317,33.4,715.6095000000012,18.50793000000003,1312,13,4,4,0,0,113498ee
random,dedicated,20261010,discovery,finished,36,28,11,0.35547645714285714,631,0.9551820728291317,42.925,224.8384000000001,12.626805000000035,752,11,0,0,0,0,113498ee
random,overflow,20261010,discovery,finished,36,31,12,0.43417525982142857,651,0.9551820728291317,42.925,274.27350000000024,11.409239999999945,888,14,2,2,3,0,113498ee
blb,pooled,20261010,discovery,finished,36,31,7,0.46879394910714284,667,0.9543147208121827,42.925,422.1066999999998,13.20755999999983,1232,13,6,6,0,0,113498ee
blb,dedicated,20261010,discovery,finished,36,29,14,0.4290785276785714,651,0.9551820728291317,47.69541622760803,324.40730000000076,15.902050000000145,792,14,0,0,0,0,113498ee
blb,overflow,20261010,discovery,finished,36,32,12,0.4921217392857143,617,0.9915966386554622,34.12974285610196,608.5193000000022,34.025404999999814,976,13,1,1,1,0,113498ee
strategy-greedy,pooled,20261010,discovery,finished,36,31,13,0.45192219196428574,613,0.9907063197026023,33.34171706395314,787.6843000000017,21.85374499999971,1410,19,6,6,0,0,113498ee
strategy-greedy,dedicated,20261010,discovery,finished,36,30,13,0.4066663732142857,699,1,42.925,383.0909999999931,13.851784999999555,948,14,1,1,0,0,113498ee
strategy-greedy,overflow,20261010,discovery,finished,36,31,13,0.43417525982142857,699,0.9842681258549931,44.76590909090909,359.06889999999385,12.64680000000044,964,15,2,2,3,0,113498ee
future-hybrid,pooled,20261010,discovery,finished,36,32,11,0.46759268214285715,651,0.9551820728291317,48.34474656810978,7339.748500000001,206.30279000000033,1298,17,6,6,0,0,113498ee
future-hybrid,dedicated,20261010,discovery,finished,36,33,14,0.49805583660714287,699,1,42.925,5537.167399999989,227.3354199999997,980,15,1,1,0,0,113498ee
future-hybrid,overflow,20261010,discovery,finished,36,33,14,0.49805583660714287,699,1,42.925,5721.977399999996,230.87468000000004,1028,15,1,1,0,0,113498ee
blb,pooled,20261011,discovery,finished,36,33,7,0.47562878303571426,643,0.9551820728291317,33.4,454.15350000000035,13.20071999999744,1224,13,6,6,0,0,49204b25
blb,dedicated,20261011,discovery,finished,36,29,7,0.4015952026785714,613,0.9551820728291317,42.925,195.21030000000974,9.74080499999908,776,9,2,2,0,0,49204b25
blb,overflow,20261011,discovery,finished,36,30,9,0.4134484982142857,613,0.9551820728291317,33.4,213.60669999998572,9.686400000000864,824,10,1,1,1,0,49204b25
strategy-greedy,pooled,20261011,discovery,finished,36,30,9,0.4134484982142857,579,1,33.4,609.5750999999982,16.634479999999158,1324,13,4,4,0,0,49204b25
strategy-greedy,dedicated,20261011,discovery,finished,36,27,11,0.36605021517857145,613,0.9551820728291317,42.925,256.3126999999877,12.335985000000964,814,11,0,0,0,0,49204b25
strategy-greedy,overflow,20261011,discovery,finished,36,30,11,0.4134484982142857,651,0.9551820728291317,33.4,345.72239999996236,9.354774999998149,1172,16,5,5,3,0,49204b25
future-hybrid,pooled,20261011,discovery,finished,36,32,11,0.45490202142857145,603,1,33.4,8629.206300000002,258.8407499999982,1292,17,6,6,0,0,49204b25
future-hybrid,dedicated,20261011,discovery,finished,36,32,27,0.4637754875,651,0.9915966386554622,52.45,6371.712000000007,236.01378999999645,1048,27,0,0,0,0,49204b25
future-hybrid,overflow,20261011,discovery,finished,36,33,29,0.47562878303571426,651,0.9551820728291317,42.925,7611.142000000022,223.7764500000012,1112,30,1,1,1,0,49204b25
random,pooled,20261011,discovery,finished,36,28,10,0.35252218928571427,609,1,33.4,419.06960000000254,12.623970000000918,1272,15,5,5,0,0,49204b25
random,dedicated,20261011,discovery,finished,36,27,10,0.34066889375,651,0.9516728624535316,48.97479570990803,207.37279999999737,10.7345250000002,776,10,0,0,0,0,49204b25
random,overflow,20261011,discovery,finished,36,28,10,0.35252218928571427,651,0.9516728624535316,42.925,261.4546000000191,11.811524999996248,904,10,0,0,1,0,49204b25
strategy-greedy,pooled,20261012,discovery,finished,36,27,11,0.3867620776785714,613,0.9991468668685748,64.09831944632145,507.3441000000312,15.11472999999751,1362,15,4,4,0,0,749e7f9c
strategy-greedy,dedicated,20261012,discovery,finished,36,24,8,0.3268497535714286,651,1,48.12198412698409,231.67319999999017,11.63212499999463,718,8,0,0,0,0,749e7f9c
strategy-greedy,overflow,20261012,discovery,finished,36,30,9,0.41640276607142857,651,0.9915966386554622,52.45,364.0343000000066,14.520100000001548,958,11,2,2,9,0,749e7f9c
future-hybrid,pooled,20261012,discovery,finished,36,33,11,0.47562878303571426,627,0.9551820728291317,35.58996675476324,9288.960200000023,299.0500800000009,1330,14,3,3,0,0,749e7f9c
future-hybrid,dedicated,20261012,discovery,finished,36,33,13,0.5010101044642857,687,0.9910313901345291,33.4,4929.929900000039,217.93725000000302,782,13,0,0,0,0,749e7f9c
future-hybrid,overflow,20261012,discovery,finished,36,33,14,0.5010101044642857,687,0.9910313901345291,33.4,5279.911700000055,219.03510999999708,862,14,0,0,1,0,749e7f9c
random,pooled,20261012,discovery,finished,36,29,10,0.3956760044642857,651,0.9551820728291317,33.4,459.613599999866,13.177079999995478,1360,13,3,3,0,0,749e7f9c
random,dedicated,20261012,discovery,finished,36,28,11,0.37790351071428574,627,0.9551820728291317,33.4,242.03600000000733,12.789519999999895,768,11,0,0,0,0,749e7f9c
random,overflow,20261012,discovery,finished,36,28,12,0.37790351071428574,627,0.9551820728291317,33.4,285.12979999999516,12.356859999998406,920,12,0,0,1,0,749e7f9c
blb,pooled,20261012,discovery,finished,36,31,11,0.4616585848214286,579,0.9551820728291317,29.884453119049276,456.4575000000623,13.26322500000606,1336,15,4,4,0,0,749e7f9c
blb,dedicated,20261012,discovery,finished,36,29,11,0.43795199375,651,0.9808153477218226,58.9,227.8050999999541,8.710800000000743,824,12,1,1,0,0,749e7f9c
blb,overflow,20261012,discovery,finished,36,32,10,0.4578562892857143,651,0.9530791788856305,31.9,261.60320000005595,9.292160000005241,904,13,3,3,5,0,749e7f9c
future-hybrid,pooled,20261013,holdout,finished,36,32,12,0.47054695,627,1,43.2,9788.58869999995,348.87424000000175,1336,18,6,6,0,0,9ebc3e83
future-hybrid,dedicated,20261013,holdout,finished,36,31,13,0.42739313482142854,674,0.9551820728291317,50.563461538461574,5857.468300000022,311.17549999999756,798,13,0,0,0,0,9ebc3e83
future-hybrid,overflow,20261013,holdout,finished,36,34,12,0.5060919375,651,0.9551820728291317,52.45,5966.619699999981,313.51040500000954,942,15,3,3,5,0,9ebc3e83
random,pooled,20261013,holdout,finished,36,32,10,0.47054695,651,0.9661016949152542,33.4,471.77869999992254,14.137049999998979,1296,16,6,6,0,0,9ebc3e83
random,dedicated,20261013,holdout,finished,36,29,13,0.40368654375,651,0.9520383693045563,57.2,269.2723999999871,12.250700000004144,792,13,0,0,0,0,9ebc3e83
random,overflow,20261013,holdout,finished,36,31,8,0.4468659205357143,651,0.9551820728291317,52.45,232.11319999994885,9.464130000001745,856,14,6,6,4,0,9ebc3e83
blb,pooled,20261013,holdout,finished,36,34,10,0.5060919375,651,0.9551820728291317,33.4,478.5200000001496,13.81427000000913,1280,16,6,6,0,0,9ebc3e83
blb,dedicated,20261013,holdout,finished,36,32,12,0.48238534642857145,651,0.9661016949152542,52.45,297.6281999999919,14.624519999996117,856,13,1,1,0,0,9ebc3e83
blb,overflow,20261013,holdout,finished,36,33,13,0.48831944375,651,0.9530791788856305,30.899999999999885,292.48019999996177,10.357699999993201,888,15,2,2,3,0,9ebc3e83
strategy-greedy,pooled,20261013,holdout,finished,36,32,12,0.46759268214285715,651,0.9551820728291317,26.820285463250833,540.1136999999871,14.056725000002194,1448,18,6,6,0,0,9ebc3e83
strategy-greedy,dedicated,20261013,holdout,finished,36,32,8,0.44516562857142855,659,1,33.887066115702495,264.8740999999718,11.850850000009814,798,8,0,0,0,0,9ebc3e83
strategy-greedy,overflow,20261013,holdout,finished,36,32,28,0.45490202142857145,659,1,33.887066115702495,411.5731000000378,11.833010000007924,1240,30,2,2,1,0,9ebc3e83
random,pooled,20261014,holdout,finished,36,26,10,0.3169772017857143,651,0.9730941704035875,57.2,450.06149999993795,15.894470000000721,1304,14,4,4,0,0,b3edff0a
random,dedicated,20261014,holdout,finished,36,24,10,0.2814322142857143,611,0.9551820728291317,52.45,234.43730000006326,12.996430000007965,752,10,0,0,0,0,b3edff0a
random,overflow,20261014,holdout,finished,36,25,10,0.3021589758928571,611,0.9613733905579399,52.45,273.0754000000161,9.671000000002095,960,11,1,1,1,0,b3edff0a
blb,pooled,20261014,holdout,finished,36,30,12,0.3939757125,613,0.9807073954983923,32.789214513736404,463.94250000003376,13.530719999998112,1368,18,6,6,0,0,b3edff0a
blb,dedicated,20261014,holdout,finished,36,30,11,0.3939757125,589,0.9548022598870056,44.978451932663845,256.46359999991546,12.393344999998224,744,11,0,0,0,0,b3edff0a
blb,overflow,20261014,holdout,finished,36,30,11,0.3939757125,589,0.9548022598870056,44.978451932663845,277.9632999999303,12.119984999996083,840,11,0,0,0,0,b3edff0a
strategy-greedy,pooled,20261014,holdout,finished,36,26,10,0.3169772017857143,613,0.9551820728291317,30.189432183321344,496.79630000004545,13.19227499999397,1352,14,4,4,0,0,b3edff0a
strategy-greedy,dedicated,20261014,holdout,finished,36,26,10,0.3169772017857143,651,0.9588788714583174,51.260674329775426,308.6694999999163,17.547600000005332,798,10,0,0,0,0,b3edff0a
strategy-greedy,overflow,20261014,holdout,finished,36,28,12,0.35547645714285714,651,0.9588788714583174,30.593251297200446,366.01820000004955,10.622565000005125,1102,14,2,2,4,0,b3edff0a
future-hybrid,pooled,20261014,holdout,finished,36,30,11,0.41935703392857143,651,1,47.116597993550705,7792.553599999883,215.88537999999534,1336,17,6,6,0,0,b3edff0a
future-hybrid,dedicated,20261014,holdout,finished,36,28,12,0.361572275,627,1,42.925,4818.782900000006,234.3885800000017,766,12,0,0,0,0,b3edff0a
future-hybrid,overflow,20261014,holdout,finished,36,28,13,0.361572275,627,1,42.925,5751.528600000005,221.61935000000375,926,13,0,0,1,0,b3edff0a