family,label,seed,inputHash,placed,completion,heightMm,unplaced,unplacedNominalVolumeMm3,utilization,planningMs,replans,bufferPeak,additionalHandlingEstimate,candidates,spaceUpdates,priorHits,equivalentSkipped,violations
heterogeneous,기존 C,41,432f55040e493374ab6a065770f9804fd7bd1ab6634b29f7d7fdeb27ad7669c2,4,0.3333333333333333,680,8,415850555,0.31691840089285717,793.5548999999996,6,3,18,720,2778,0,0,0
heterogeneous,의존성 비용,41,432f55040e493374ab6a065770f9804fd7bd1ab6634b29f7d7fdeb27ad7669c2,4,0.3333333333333333,680,8,415850555,0.31691840089285717,587.9690999999996,6,3,18,720,2778,0,0,0
heterogeneous,CDG 제거 검사,41,432f55040e493374ab6a065770f9804fd7bd1ab6634b29f7d7fdeb27ad7669c2,4,0.3333333333333333,680,8,415850555,0.31691840089285717,655.3211999999994,6,3,18,720,2778,0,0,0
heterogeneous,이전 위치 재사용,41,432f55040e493374ab6a065770f9804fd7bd1ab6634b29f7d7fdeb27ad7669c2,4,0.3333333333333333,680,8,415850555,0.31691840089285717,595.9024999999988,6,3,18,720,2778,0,0,0
heterogeneous,동일 물품 그룹,41,432f55040e493374ab6a065770f9804fd7bd1ab6634b29f7d7fdeb27ad7669c2,4,0.3333333333333333,680,8,415850555,0.31691840089285717,617.0197000000007,6,3,18,720,2778,0,0,0
heterogeneous,EMS 증분 계산,41,432f55040e493374ab6a065770f9804fd7bd1ab6634b29f7d7fdeb27ad7669c2,4,0.3333333333333333,680,8,415850555,0.31691840089285717,530.0770999999995,6,3,18,720,87,0,0,0
heterogeneous,전체 결합,41,432f55040e493374ab6a065770f9804fd7bd1ab6634b29f7d7fdeb27ad7669c2,4,0.3333333333333333,680,8,415850555,0.31691840089285717,542.5212999999994,6,3,18,720,87,0,0,0
heterogeneous,기존 C · 임시 버퍼 0,41,432f55040e493374ab6a065770f9804fd7bd1ab6634b29f7d7fdeb27ad7669c2,6,0.5,955,6,315340196,0.4984912660714286,100.05709999999908,18,0,0,250,864,0,0,0
heterogeneous,기존 C · 임시 버퍼 1,41,432f55040e493374ab6a065770f9804fd7bd1ab6634b29f7d7fdeb27ad7669c2,4,0.3333333333333333,680,8,415850555,0.31691840089285717,531.8067000000001,12,1,12,613,2230,0,0,0
heterogeneous,기존 C · 임시 버퍼 2,41,432f55040e493374ab6a065770f9804fd7bd1ab6634b29f7d7fdeb27ad7669c2,4,0.3333333333333333,680,8,415850555,0.31691840089285717,510.2460000000019,9,2,16,639,2334,0,0,0
heterogeneous,기존 C · 임시 버퍼 3,41,432f55040e493374ab6a065770f9804fd7bd1ab6634b29f7d7fdeb27ad7669c2,4,0.3333333333333333,680,8,415850555,0.31691840089285717,615.9714999999951,6,3,18,720,2778,0,0,0
heterogeneous,전체 λ=0,41,432f55040e493374ab6a065770f9804fd7bd1ab6634b29f7d7fdeb27ad7669c2,4,0.3333333333333333,680,8,415850555,0.31691840089285717,599.1590000000069,6,3,18,720,87,0,0,0
heterogeneous,전체 λ=0.06,41,432f55040e493374ab6a065770f9804fd7bd1ab6634b29f7d7fdeb27ad7669c2,4,0.3333333333333333,680,8,415850555,0.31691840089285717,540.2747999999974,6,3,18,720,87,0,0,0
heterogeneous,전체 λ=0.25,41,432f55040e493374ab6a065770f9804fd7bd1ab6634b29f7d7fdeb27ad7669c2,4,0.3333333333333333,680,8,415850555,0.31691840089285717,550.2047999999995,6,3,18,720,87,0,0,0
heterogeneous,전체 λ=0.25,42,1597a7dd45c8d807711ccd937266187abd622a52f9d0b04e5ed18ad87118c5e1,5,0.4166666666666667,841,7,263400041,0.40444425982142856,618.9492000000009,6,3,18,769,110,4,0,0
heterogeneous,전체 λ=0.06,42,1597a7dd45c8d807711ccd937266187abd622a52f9d0b04e5ed18ad87118c5e1,5,0.4166666666666667,841,7,263400041,0.40444425982142856,632.8832000000002,6,3,18,769,110,4,0,0
heterogeneous,전체 λ=0,42,1597a7dd45c8d807711ccd937266187abd622a52f9d0b04e5ed18ad87118c5e1,5,0.4166666666666667,841,7,263400041,0.40444425982142856,606.426300000001,6,3,18,769,110,4,0,0
heterogeneous,기존 C · 임시 버퍼 3,42,1597a7dd45c8d807711ccd937266187abd622a52f9d0b04e5ed18ad87118c5e1,5,0.4166666666666667,841,7,263400041,0.40444425982142856,765.4566999999988,6,3,18,839,4119,0,0,0
heterogeneous,기존 C · 임시 버퍼 2,42,1597a7dd45c8d807711ccd937266187abd622a52f9d0b04e5ed18ad87118c5e1,5,0.4166666666666667,841,7,263400041,0.40444425982142856,726.855099999997,9,2,14,742,3800,0,0,0
heterogeneous,기존 C · 임시 버퍼 1,42,1597a7dd45c8d807711ccd937266187abd622a52f9d0b04e5ed18ad87118c5e1,4,0.3333333333333333,841,8,299567909,0.3366561955357143,410.40889999999854,12,1,12,693,3150,0,0,0
heterogeneous,기존 C · 임시 버퍼 0,42,1597a7dd45c8d807711ccd937266187abd622a52f9d0b04e5ed18ad87118c5e1,4,0.3333333333333333,841,8,299567909,0.3366561955357143,373.6439000000046,24,0,0,624,2876,0,0,0
heterogeneous,전체 결합,42,1597a7dd45c8d807711ccd937266187abd622a52f9d0b04e5ed18ad87118c5e1,5,0.4166666666666667,841,7,263400041,0.40444425982142856,571.9001000000062,6,3,18,769,110,4,0,0
heterogeneous,EMS 증분 계산,42,1597a7dd45c8d807711ccd937266187abd622a52f9d0b04e5ed18ad87118c5e1,5,0.4166666666666667,841,7,263400041,0.40444425982142856,622.7603999999956,6,3,18,839,114,0,0,0
heterogeneous,동일 물품 그룹,42,1597a7dd45c8d807711ccd937266187abd622a52f9d0b04e5ed18ad87118c5e1,5,0.4166666666666667,841,7,263400041,0.40444425982142856,650.6200999999928,6,3,18,839,4119,0,0,0
heterogeneous,이전 위치 재사용,42,1597a7dd45c8d807711ccd937266187abd622a52f9d0b04e5ed18ad87118c5e1,5,0.4166666666666667,841,7,263400041,0.40444425982142856,686.1654000000053,6,3,18,769,3790,4,0,0
heterogeneous,CDG 제거 검사,42,1597a7dd45c8d807711ccd937266187abd622a52f9d0b04e5ed18ad87118c5e1,5,0.4166666666666667,841,7,263400041,0.40444425982142856,672.3571999999949,6,3,18,839,4119,0,0,0
heterogeneous,의존성 비용,42,1597a7dd45c8d807711ccd937266187abd622a52f9d0b04e5ed18ad87118c5e1,5,0.4166666666666667,841,7,263400041,0.40444425982142856,731.7370999999985,6,3,18,839,4119,0,0,0
heterogeneous,기존 C,42,1597a7dd45c8d807711ccd937266187abd622a52f9d0b04e5ed18ad87118c5e1,5,0.4166666666666667,841,7,263400041,0.40444425982142856,657.335099999993,6,3,18,839,4119,0,0,0
heterogeneous,기존 C,43,9d61b217f9bc82179a7b4be97d7ff593be495ea39417c453416311d4a30ef128,3,0.25,491,9,495290762,0.25484814285714286,466.7414999999928,9,3,14,722,2597,0,0,0
heterogeneous,의존성 비용,43,9d61b217f9bc82179a7b4be97d7ff593be495ea39417c453416311d4a30ef128,3,0.25,491,9,495290762,0.25484814285714286,508.3729000000021,9,3,14,722,2597,0,0,0
heterogeneous,CDG 제거 검사,43,9d61b217f9bc82179a7b4be97d7ff593be495ea39417c453416311d4a30ef128,3,0.25,491,9,495290762,0.25484814285714286,533.718499999999,9,3,14,722,2597,0,0,0
heterogeneous,이전 위치 재사용,43,9d61b217f9bc82179a7b4be97d7ff593be495ea39417c453416311d4a30ef128,3,0.25,491,9,495290762,0.25484814285714286,489.0691000000006,9,3,14,722,2597,0,0,0
heterogeneous,동일 물품 그룹,43,9d61b217f9bc82179a7b4be97d7ff593be495ea39417c453416311d4a30ef128,3,0.25,491,9,495290762,0.25484814285714286,465.122199999998,9,3,14,722,2597,0,0,0
heterogeneous,EMS 증분 계산,43,9d61b217f9bc82179a7b4be97d7ff593be495ea39417c453416311d4a30ef128,3,0.25,491,9,495290762,0.25484814285714286,453.4472999999998,9,3,14,722,130,0,0,0
heterogeneous,전체 결합,43,9d61b217f9bc82179a7b4be97d7ff593be495ea39417c453416311d4a30ef128,3,0.25,491,9,495290762,0.25484814285714286,455.88099999999395,9,3,14,722,128,0,0,0
heterogeneous,기존 C · 임시 버퍼 0,43,9d61b217f9bc82179a7b4be97d7ff593be495ea39417c453416311d4a30ef128,4,0.3333333333333333,636,8,469867244,0.2964016276785714,398.4061000000038,24,0,0,528,2452,0,0,0
heterogeneous,기존 C · 임시 버퍼 1,43,9d61b217f9bc82179a7b4be97d7ff593be495ea39417c453416311d4a30ef128,2,0.16666666666666666,328,10,528968562,0.19205749285714285,205.5229999999974,15,1,12,558,1666,0,0,0
heterogeneous,기존 C · 임시 버퍼 2,43,9d61b217f9bc82179a7b4be97d7ff593be495ea39417c453416311d4a30ef128,2,0.16666666666666666,328,10,528968562,0.19205749285714285,205.8205999999991,12,2,16,576,1695,0,0,0
heterogeneous,기존 C · 임시 버퍼 3,43,9d61b217f9bc82179a7b4be97d7ff593be495ea39417c453416311d4a30ef128,3,0.25,491,9,495290762,0.25484814285714286,469.6792000000023,9,3,14,722,2597,0,0,0
heterogeneous,전체 λ=0,43,9d61b217f9bc82179a7b4be97d7ff593be495ea39417c453416311d4a30ef128,3,0.25,491,9,495290762,0.25484814285714286,426.60430000000633,9,3,14,722,128,0,0,0
heterogeneous,전체 λ=0.06,43,9d61b217f9bc82179a7b4be97d7ff593be495ea39417c453416311d4a30ef128,3,0.25,491,9,495290762,0.25484814285714286,454.026300000005,9,3,14,722,128,0,0,0
heterogeneous,전체 λ=0.25,43,9d61b217f9bc82179a7b4be97d7ff593be495ea39417c453416311d4a30ef128,3,0.25,491,9,495290762,0.25484814285714286,527.3542999999991,9,3,14,722,128,0,0,0
equivalent,기존 C,41,abbad9a0447ed1bcae2cdab7fde73e2068b1d2da715499709c7bbf8dfddf31d9,12,1,320,0,0,0.14764285714285713,196.7603999999992,0,3,22,943,5992,0,0,0
equivalent,의존성 비용,41,abbad9a0447ed1bcae2cdab7fde73e2068b1d2da715499709c7bbf8dfddf31d9,12,1,320,0,0,0.14764285714285713,198.26880000000529,0,3,22,943,5992,0,0,0
equivalent,CDG 제거 검사,41,abbad9a0447ed1bcae2cdab7fde73e2068b1d2da715499709c7bbf8dfddf31d9,12,1,320,0,0,0.14764285714285713,181.06860000000597,0,3,22,943,5992,0,0,0
equivalent,이전 위치 재사용,41,abbad9a0447ed1bcae2cdab7fde73e2068b1d2da715499709c7bbf8dfddf31d9,12,1,320,0,0,0.14764285714285713,145.79629999999815,0,3,22,852,5110,4,0,0
equivalent,동일 물품 그룹,41,abbad9a0447ed1bcae2cdab7fde73e2068b1d2da715499709c7bbf8dfddf31d9,12,1,320,0,0,0.14764285714285713,101.42699999999604,0,3,22,519,3543,0,19,0
equivalent,EMS 증분 계산,41,abbad9a0447ed1bcae2cdab7fde73e2068b1d2da715499709c7bbf8dfddf31d9,12,1,320,0,0,0.14764285714285713,140.01750000000538,0,3,22,943,818,0,0,0
equivalent,전체 결합,41,abbad9a0447ed1bcae2cdab7fde73e2068b1d2da715499709c7bbf8dfddf31d9,12,1,320,0,0,0.14764285714285713,150.0332000000053,0,3,22,738,640,3,7,0
equivalent,기존 C · 임시 버퍼 0,41,abbad9a0447ed1bcae2cdab7fde73e2068b1d2da715499709c7bbf8dfddf31d9,12,1,320,0,0,0.14764285714285713,82.31450000000405,0,0,0,270,1918,0,0,0
equivalent,기존 C · 임시 버퍼 1,41,abbad9a0447ed1bcae2cdab7fde73e2068b1d2da715499709c7bbf8dfddf31d9,12,1,320,0,0,0.14764285714285713,190.30270000000382,0,1,12,520,3545,0,0,0
equivalent,기존 C · 임시 버퍼 2,41,abbad9a0447ed1bcae2cdab7fde73e2068b1d2da715499709c7bbf8dfddf31d9,12,1,320,0,0,0.14764285714285713,178.21310000000085,0,2,20,743,4892,0,0,0
equivalent,기존 C · 임시 버퍼 3,41,abbad9a0447ed1bcae2cdab7fde73e2068b1d2da715499709c7bbf8dfddf31d9,12,1,320,0,0,0.14764285714285713,185.03740000000107,0,3,22,943,5992,0,0,0
equivalent,전체 λ=0,41,abbad9a0447ed1bcae2cdab7fde73e2068b1d2da715499709c7bbf8dfddf31d9,12,1,320,0,0,0.14764285714285713,199.78070000000298,0,3,22,738,640,3,7,0
equivalent,전체 λ=0.06,41,abbad9a0447ed1bcae2cdab7fde73e2068b1d2da715499709c7bbf8dfddf31d9,12,1,320,0,0,0.14764285714285713,151.57649999999558,0,3,22,738,640,3,7,0
equivalent,전체 λ=0.25,41,abbad9a0447ed1bcae2cdab7fde73e2068b1d2da715499709c7bbf8dfddf31d9,12,1,320,0,0,0.14764285714285713,196.96810000000187,0,3,22,738,640,3,7,0
equivalent,전체 λ=0.25,42,70df3032b2afa188a1e8870cea5ee72342e9772e36b3871760893d69b4899216,12,1,260,0,0,0.14764285714285713,170.2071999999971,0,3,22,783,693,0,8,0
equivalent,전체 λ=0.06,42,70df3032b2afa188a1e8870cea5ee72342e9772e36b3871760893d69b4899216,12,1,260,0,0,0.14764285714285713,151.82880000001023,0,3,22,783,693,0,8,0
equivalent,전체 λ=0,42,70df3032b2afa188a1e8870cea5ee72342e9772e36b3871760893d69b4899216,12,1,260,0,0,0.14764285714285713,140.1681000000026,0,3,22,783,693,0,8,0
equivalent,기존 C · 임시 버퍼 3,42,70df3032b2afa188a1e8870cea5ee72342e9772e36b3871760893d69b4899216,12,1,260,0,0,0.14764285714285713,153.9460999999792,0,3,22,942,5990,0,0,0
equivalent,기존 C · 임시 버퍼 2,42,70df3032b2afa188a1e8870cea5ee72342e9772e36b3871760893d69b4899216,12,1,320,0,0,0.14764285714285713,148.98609999999462,0,2,22,743,4892,0,0,0
equivalent,기존 C · 임시 버퍼 1,42,70df3032b2afa188a1e8870cea5ee72342e9772e36b3871760893d69b4899216,12,1,320,0,0,0.14764285714285713,120.77620000000024,0,1,14,519,3543,0,0,0
equivalent,기존 C · 임시 버퍼 0,42,70df3032b2afa188a1e8870cea5ee72342e9772e36b3871760893d69b4899216,12,1,320,0,0,0.14764285714285713,55.521600000000035,0,0,0,272,1922,0,0,0
equivalent,전체 결합,42,70df3032b2afa188a1e8870cea5ee72342e9772e36b3871760893d69b4899216,12,1,260,0,0,0.14764285714285713,139.67790000000969,0,3,22,783,693,0,8,0
equivalent,EMS 증분 계산,42,70df3032b2afa188a1e8870cea5ee72342e9772e36b3871760893d69b4899216,12,1,260,0,0,0.14764285714285713,130.21020000000863,0,3,22,942,843,0,0,0
equivalent,동일 물품 그룹,42,70df3032b2afa188a1e8870cea5ee72342e9772e36b3871760893d69b4899216,12,1,260,0,0,0.14764285714285713,101.82280000000901,0,3,22,495,3269,0,20,0
equivalent,이전 위치 재사용,42,70df3032b2afa188a1e8870cea5ee72342e9772e36b3871760893d69b4899216,12,1,260,0,0,0.14764285714285713,173.8310000000056,0,3,22,943,5992,0,0,0
equivalent,CDG 제거 검사,42,70df3032b2afa188a1e8870cea5ee72342e9772e36b3871760893d69b4899216,12,1,260,0,0,0.14764285714285713,184.28669999998965,0,3,22,942,5990,0,0,0
equivalent,의존성 비용,42,70df3032b2afa188a1e8870cea5ee72342e9772e36b3871760893d69b4899216,12,1,260,0,0,0.14764285714285713,210.67440000002534,0,3,22,942,5990,0,0,0
equivalent,기존 C,42,70df3032b2afa188a1e8870cea5ee72342e9772e36b3871760893d69b4899216,12,1,260,0,0,0.14764285714285713,151.0641000000178,0,3,22,942,5990,0,0,0
equivalent,기존 C,43,1b5cac76f3cd1c3b2645939f5f53041e6d8120655e61dbd04f31e231a3e515d3,12,1,320,0,0,0.14764285714285713,158.00870000000577,0,3,22,943,5992,0,0,0
equivalent,의존성 비용,43,1b5cac76f3cd1c3b2645939f5f53041e6d8120655e61dbd04f31e231a3e515d3,12,1,320,0,0,0.14764285714285713,171.1542000000045,0,3,22,943,5992,0,0,0
equivalent,CDG 제거 검사,43,1b5cac76f3cd1c3b2645939f5f53041e6d8120655e61dbd04f31e231a3e515d3,12,1,320,0,0,0.14764285714285713,227.64960000001156,0,3,22,943,5992,0,0,0
equivalent,이전 위치 재사용,43,1b5cac76f3cd1c3b2645939f5f53041e6d8120655e61dbd04f31e231a3e515d3,12,1,320,0,0,0.14764285714285713,140.2658000000083,0,3,22,852,5110,4,0,0
equivalent,동일 물품 그룹,43,1b5cac76f3cd1c3b2645939f5f53041e6d8120655e61dbd04f31e231a3e515d3,12,1,320,0,0,0.14764285714285713,89.53240000000369,0,3,22,519,3543,0,19,0
equivalent,EMS 증분 계산,43,1b5cac76f3cd1c3b2645939f5f53041e6d8120655e61dbd04f31e231a3e515d3,12,1,320,0,0,0.14764285714285713,142.83640000000742,0,3,22,943,818,0,0,0
equivalent,전체 결합,43,1b5cac76f3cd1c3b2645939f5f53041e6d8120655e61dbd04f31e231a3e515d3,12,1,320,0,0,0.14764285714285713,126.56929999999556,0,3,22,738,640,3,7,0
equivalent,기존 C · 임시 버퍼 0,43,1b5cac76f3cd1c3b2645939f5f53041e6d8120655e61dbd04f31e231a3e515d3,12,1,320,0,0,0.14764285714285713,56.829299999990326,0,0,0,270,1918,0,0,0
equivalent,기존 C · 임시 버퍼 1,43,1b5cac76f3cd1c3b2645939f5f53041e6d8120655e61dbd04f31e231a3e515d3,12,1,320,0,0,0.14764285714285713,99.34950000001118,0,1,12,520,3545,0,0,0
equivalent,기존 C · 임시 버퍼 2,43,1b5cac76f3cd1c3b2645939f5f53041e6d8120655e61dbd04f31e231a3e515d3,12,1,320,0,0,0.14764285714285713,224.4889000000112,0,2,20,743,4892,0,0,0
equivalent,기존 C · 임시 버퍼 3,43,1b5cac76f3cd1c3b2645939f5f53041e6d8120655e61dbd04f31e231a3e515d3,12,1,320,0,0,0.14764285714285713,182.57140000000072,0,3,22,943,5992,0,0,0
equivalent,전체 λ=0,43,1b5cac76f3cd1c3b2645939f5f53041e6d8120655e61dbd04f31e231a3e515d3,12,1,320,0,0,0.14764285714285713,131.4297000000006,0,3,22,738,640,3,7,0
equivalent,전체 λ=0.06,43,1b5cac76f3cd1c3b2645939f5f53041e6d8120655e61dbd04f31e231a3e515d3,12,1,320,0,0,0.14764285714285713,126.72149999999965,0,3,22,738,640,3,7,0
equivalent,전체 λ=0.25,43,1b5cac76f3cd1c3b2645939f5f53041e6d8120655e61dbd04f31e231a3e515d3,12,1,320,0,0,0.14764285714285713,125.67359999999462,0,3,22,738,640,3,7,0