"algorithm","scope","scenario","seed","episode","fingerprint","outcome","reason","strength","robot","proposalViolations","candidateRejections","algorithmVersion","evaluatorVersion","warmup","hardConstraints","utilization","completion","count","unplaced","unplacedVolume","residualVolume","height","pallets","remainingFit","spaceOpportunity","comZ","comOffset","supportMean","supportMin","imbalance","minMargin","tippingG","loadViolations","unknownStrength","physicsSuccess","meanMs","maxMs","p95Ms","p99Ms","totalMs","deadlineRate","workSeconds","distanceM","throughput","candidates","evaluationMs","orderUtilization","orderSuccess","orderCompletion","regret","futureFit","reachProxy","robotCollisions","payloadViolations","graspSuccess","ikSuccess","executionSuccess","damagedRecovery","missingRecovery","resizeRecovery","exceptionSuccess","replanMs","exceptionRetention","palletRecovery"
"greedy","online","random","42","0","97cc9bbf","partial","SUPPORT: 지지 조건 미달 35.3% / 필요 95.0% / SUPPORT: 지지 조건 미달 57.0% / 필요 95.0% / 누적 무게중심 정적 평형 불가 / SUPPORT: 지지 조건 미달 13.2% / 필요 95.0% / SUPPORT: 지지 조건 미달 20.7% / 필요 95.0% / SUPPORT: 지지 조건 미달 46.6% / 필요 95.0% / SUPPORT: 지지 조건 미달 49.7% / 필요 95.0% / SUPPORT: 지지 조건 미달 10.1% / 필요 95.0% / SUPPORT: 지지 조건 미달 15.8% / 필요 95.0% / SUPPORT: 지지 조건 미달 35.7% / 필요 95.0% / SUPPORT: 지지 조건 미달 38.0% / 필요 95.0% / SUPPORT: 지지 조건 미달 9.1% / 필요 95.0% / SUPPORT: 지지 조건 미달 14.3% / 필요 95.0% / SUPPORT: 지지 조건 미달 32.3% / 필요 95.0% / SUPPORT: 지지 조건 미달 34.4% / 필요 95.0% / SUPPORT: 지지 조건 미달 36.8% / 필요 95.0% / SUPPORT: 지지 조건 미달 15.0% / 필요 95.0% / SUPPORT: 지지 조건 미달 40.0% / 필요 95.0% / SUPPORT: 지지 조건 미달 31.1% / 필요 95.0% / SUPPORT: 지지 조건 미달 30.5% / 필요 95.0% / SUPPORT: 지지 조건 미달 38.4% / 필요 95.0% / SUPPORT: 지지 조건 미달 34.5% / 필요 95.0%","explicit","unverified","{}","{""support"":204,""load"":90}","adapter-1.0 / planners-f6ec11d4259a","2.0.0","{""requested"":1,""completed"":1,""outcomes"":[""partial""],""sameWorker"":true}","{""collision"":{""status"":""PASS"",""violations"":0,""checkedPlacements"":6,""scope"":""직육면체 기하·관측 규격 공통 검사"",""reason"":""확정 배치와 최종 적재 상태 검사""},""bounds"":{""status"":""PASS"",""violations"":0,""checkedPlacements"":6,""scope"":""직육면체 기하·관측 규격 공통 검사"",""reason"":""확정 배치와 최종 적재 상태 검사""},""height"":{""status"":""PASS"",""violations"":0,""checkedPlacements"":6,""scope"":""직육면체 기하·관측 규격 공통 검사"",""reason"":""확정 배치와 최종 적재 상태 검사""},""orientation"":{""status"":""PASS"",""violations"":0,""checkedPlacements"":6,""scope"":""직육면체 기하·관측 규격 공통 검사"",""reason"":""확정 배치와 최종 적재 상태 검사""},""load"":{""status"":""PASS"",""violations"":0,""checkedPlacements"":6,""scope"":""입력된 허용 상부하중 · 누적 정적 반력"",""reason"":""입력값 범위의 정적 검사. 실측 재료 인증 아님""},""support"":{""status"":""PASS"",""violations"":0,""checkedPlacements"":6,""scope"":""접촉·합력 작용점·정적 평형"",""reason"":""설정된 지지율·전도 여유 검사. 동적 붕괴·굽힘 파손 미검증""},""payload"":{""status"":""NOT VERIFIED"",""violations"":0,""checkedPlacements"":6,""scope"":""입력 가반하중 · 박스+그리퍼 질량"",""reason"":""로봇 가반하중 검사 비활성 또는 유효한 사양 없음""},""robotCollision"":{""status"":""NOT VERIFIED"",""violations"":0,""checkedPlacements"":6,""scope"":""로봇 검사 비활성"",""reason"":""전체 로봇 링크 충돌 미검증""},""approach"":{""status"":""NOT VERIFIED"",""violations"":0,""checkedPlacements"":6,""scope"":""로봇 검사 비활성"",""reason"":""실제 관절 한계·역기구학·접근 자세 미검증""},""sequence"":{""status"":""NOT VERIFIED"",""violations"":0,""checkedPlacements"":6,""scope"":""로봇 검사 비활성"",""reason"":""실제 파지·관절 궤적·전 과정 실행 미검증""}}","9.737797678571429","33.333333333333336","6","12","0.208466884","1010936666","217","","93.19862192757846","66.79926857663091","95.34615384615384","19.538347970596643","100","100","6.248807244414289","70.8","1.1721854304635762","0","0","","47.744614285714306","103.9067","91.89520999999999","101.50440199999998","334.21230000000014","85.71428571428571","","","","394","12.665099999999939","9.737797678571429","0","33.333333333333336","","93.19862192757846","","","","","","","","","","","","",""
"random","online","random","42","0","97cc9bbf","partial","누적 무게중심 정적 평형 불가 · Long-02 / SUPPORT: 지지 조건 미달 5.1% / 필요 95.0% · CoG 지지 검사 / 무게 규칙 위반 · Small-03 (3 kg) / SUPPORT: 지지 조건 미달 30.5% / 필요 95.0% · CoG 지지 검사 / SUPPORT: 지지 조건 미달 8.9% / 필요 95.0% · CoG 지지 검사 / SUPPORT: 지지 조건 미달 10.2% / 필요 95.0% · CoG 지지 검사 / SUPPORT: 지지 조건 미달 46.6% / 필요 95.0% · CoG 지지 검사 / SUPPORT: 지지 조건 미달 27.4% / 필요 95.0% · CoG 지지 검사 / SUPPORT: 지지 조건 미달 30.4% / 필요 95.0% · CoG 지지 검사 / SUPPORT: 지지 조건 미달 0.5% / 필요 95.0% · CoG 지지 검사 / SUPPORT: 지지 조건 미달 36.1% / 필요 95.0% · CoG 지지 검사 / SUPPORT: 지지 조건 미달 23.1% / 필요 95.0% · CoG 지지 검사 / SUPPORT: 지지 조건 미달 0.4% / 필요 95.0% · CoG 지지 검사 / SUPPORT: 지지 조건 미달 36.8% / 필요 95.0% · CoG 지지 검사 / SUPPORT: 지지 조건 미달 22.6% / 필요 95.0% · CoG 지지 검사 / SUPPORT: 지지 조건 미달 33.9% / 필요 95.0% · CoG 지지 검사 / SUPPORT: 지지 조건 미달 31.6% / 필요 95.0% · CoG 지지 검사 / SUPPORT: 지지 조건 미달 28.9% / 필요 95.0% · CoG 지지 검사 / SUPPORT: 지지 조건 미달 6.7% / 필요 95.0% · CoG 지지 검사 / SUPPORT: 지지 조건 미달 42.5% / 필요 95.0% · CoG 지지 검사 / SUPPORT: 지지 조건 미달 34.1% / 필요 95.0% · CoG 지지 검사 / SUPPORT: 지지 조건 미달 9.8% / 필요 95.0% · CoG 지지 검사 / SUPPORT: 지지 조건 미달 24.2% / 필요 95.0% · CoG 지지 검사 / 무게 규칙 위반 · Small-04 (3 kg) / SUPPORT: 지지 조건 미달 4.2% / 필요 95.0% · CoG 지지 검사","explicit","unverified","{}","{""bounds"":46,""support"":166,""load"":100}","adapter-1.0 / planners-f6ec11d4259a","2.0.0","{""requested"":1,""completed"":1,""outcomes"":[""partial""],""sameWorker"":true}","{""collision"":{""status"":""PASS"",""violations"":0,""checkedPlacements"":6,""scope"":""직육면체 기하·관측 규격 공통 검사"",""reason"":""확정 배치와 최종 적재 상태 검사""},""bounds"":{""status"":""PASS"",""violations"":0,""checkedPlacements"":6,""scope"":""직육면체 기하·관측 규격 공통 검사"",""reason"":""확정 배치와 최종 적재 상태 검사""},""height"":{""status"":""PASS"",""violations"":0,""checkedPlacements"":6,""scope"":""직육면체 기하·관측 규격 공통 검사"",""reason"":""확정 배치와 최종 적재 상태 검사""},""orientation"":{""status"":""PASS"",""violations"":0,""checkedPlacements"":6,""scope"":""직육면체 기하·관측 규격 공통 검사"",""reason"":""확정 배치와 최종 적재 상태 검사""},""load"":{""status"":""PASS"",""violations"":0,""checkedPlacements"":6,""scope"":""입력된 허용 상부하중 · 누적 정적 반력"",""reason"":""입력값 범위의 정적 검사. 실측 재료 인증 아님""},""support"":{""status"":""PASS"",""violations"":0,""checkedPlacements"":6,""scope"":""접촉·합력 작용점·정적 평형"",""reason"":""설정된 지지율·전도 여유 검사. 동적 붕괴·굽힘 파손 미검증""},""payload"":{""status"":""NOT VERIFIED"",""violations"":0,""checkedPlacements"":6,""scope"":""입력 가반하중 · 박스+그리퍼 질량"",""reason"":""로봇 가반하중 검사 비활성 또는 유효한 사양 없음""},""robotCollision"":{""status"":""NOT VERIFIED"",""violations"":0,""checkedPlacements"":6,""scope"":""로봇 검사 비활성"",""reason"":""전체 로봇 링크 충돌 미검증""},""approach"":{""status"":""NOT VERIFIED"",""violations"":0,""checkedPlacements"":6,""scope"":""로봇 검사 비활성"",""reason"":""실제 관절 한계·역기구학·접근 자세 미검증""},""sequence"":{""status"":""NOT VERIFIED"",""violations"":0,""checkedPlacements"":6,""scope"":""로봇 검사 비활성"",""reason"":""실제 파지·관절 궤적·전 과정 실행 미검증""}}","9.737797678571429","33.333333333333336","6","12","0.208466884","1010936666","344","","58.23932640239562","49.319620814039496","106.48076923076923","135.06273197313664","100","100","29.1108602909889","70.8","1.1721854304635762","0","0","","4.198971428571375","9.909999999999854","8.413059999999902","9.610611999999861","29.392799999999625","85.71428571428571","","","","378","13.982700000000023","9.737797678571429","0","33.333333333333336","","58.23932640239562","","","","","","","","","","","","",""
"greedy","online","random","43","1","8a14cf1e","partial","누적 무게중심 정적 평형 불가 / SUPPORT: 지지 조건 미달 33.7% / 필요 95.0% / 무게 규칙 위반 / SUPPORT: 지지 조건 미달 39.4% / 필요 95.0% / SUPPORT: 지지 조건 미달 32.0% / 필요 95.0% / SUPPORT: 지지 조건 미달 37.4% / 필요 95.0% / SUPPORT: 지지 조건 미달 29.0% / 필요 95.0% / SUPPORT: 지지 조건 미달 33.8% / 필요 95.0% / SUPPORT: 지지 조건 미달 8.3% / 필요 95.0% / SUPPORT: 지지 조건 미달 17.8% / 필요 95.0% / SUPPORT: 지지 조건 미달 18.6% / 필요 95.0% / SUPPORT: 지지 조건 미달 33.0% / 필요 95.0% / SUPPORT: 지지 조건 미달 33.5% / 필요 95.0% / SUPPORT: 지지 조건 미달 35.0% / 필요 95.0% / SUPPORT: 지지 조건 미달 44.4% / 필요 95.0% / SUPPORT: 지지 조건 미달 45.0% / 필요 95.0% / SUPPORT: 지지 조건 미달 47.1% / 필요 95.0% / SUPPORT: 지지 조건 미달 20.9% / 필요 95.0% / SUPPORT: 지지 조건 미달 20.0% / 필요 95.0% / SUPPORT: 지지 조건 미달 43.1% / 필요 95.0% / SUPPORT: 지지 조건 미달 45.1% / 필요 95.0% / SUPPORT: 지지 조건 미달 41.6% / 필요 95.0% / SUPPORT: 지지 조건 미달 42.2% / 필요 95.0% / SUPPORT: 지지 조건 미달 44.1% / 필요 95.0% / SUPPORT: 지지 조건 미달 38.6% / 필요 95.0% / SUPPORT: 지지 조건 미달 39.1% / 필요 95.0% / SUPPORT: 지지 조건 미달 40.9% / 필요 95.0% / SUPPORT: 지지 조건 미달 14.5% / 필요 95.0% / SUPPORT: 지지 조건 미달 31.3% / 필요 95.0% / SUPPORT: 지지 조건 미달 32.7% / 필요 95.0% / SUPPORT: 지지 조건 미달 13.6% / 필요 95.0% / SUPPORT: 지지 조건 미달 29.4% / 필요 95.0% / SUPPORT: 지지 조건 미달 30.7% / 필요 95.0% / SUPPORT: 지지 조건 미달 12.3% / 필요 95.0% / SUPPORT: 지지 조건 미달 26.6% / 필요 95.0% / SUPPORT: 지지 조건 미달 27.7% / 필요 95.0% / SUPPORT: 지지 조건 미달 10.9% / 필요 95.0% / SUPPORT: 지지 조건 미달 23.5% / 필요 95.0% / SUPPORT: 지지 조건 미달 24.5% / 필요 95.0% / SUPPORT: 지지 조건 미달 0.9% / 필요 95.0% / SUPPORT: 지지 조건 미달 1.7% / 필요 95.0%","explicit","unverified","{}","{""protocol"":10,""bounds"":38,""support"":232,""load"":220}","adapter-1.0 / planners-f6ec11d4259a","2.0.0","{""requested"":1,""completed"":1,""outcomes"":[""partial""],""sameWorker"":true}","{""collision"":{""status"":""PASS"",""violations"":0,""checkedPlacements"":6,""scope"":""직육면체 기하·관측 규격 공통 검사"",""reason"":""확정 배치와 최종 적재 상태 검사""},""bounds"":{""status"":""PASS"",""violations"":0,""checkedPlacements"":6,""scope"":""직육면체 기하·관측 규격 공통 검사"",""reason"":""확정 배치와 최종 적재 상태 검사""},""height"":{""status"":""PASS"",""violations"":0,""checkedPlacements"":6,""scope"":""직육면체 기하·관측 규격 공통 검사"",""reason"":""확정 배치와 최종 적재 상태 검사""},""orientation"":{""status"":""PASS"",""violations"":0,""checkedPlacements"":6,""scope"":""직육면체 기하·관측 규격 공통 검사"",""reason"":""확정 배치와 최종 적재 상태 검사""},""load"":{""status"":""PASS"",""violations"":0,""checkedPlacements"":6,""scope"":""입력된 허용 상부하중 · 누적 정적 반력"",""reason"":""입력값 범위의 정적 검사. 실측 재료 인증 아님""},""support"":{""status"":""PASS"",""violations"":0,""checkedPlacements"":6,""scope"":""접촉·합력 작용점·정적 평형"",""reason"":""설정된 지지율·전도 여유 검사. 동적 붕괴·굽힘 파손 미검증""},""payload"":{""status"":""NOT VERIFIED"",""violations"":0,""checkedPlacements"":6,""scope"":""입력 가반하중 · 박스+그리퍼 질량"",""reason"":""로봇 가반하중 검사 비활성 또는 유효한 사양 없음""},""robotCollision"":{""status"":""NOT VERIFIED"",""violations"":0,""checkedPlacements"":6,""scope"":""로봇 검사 비활성"",""reason"":""전체 로봇 링크 충돌 미검증""},""approach"":{""status"":""NOT VERIFIED"",""violations"":0,""checkedPlacements"":6,""scope"":""로봇 검사 비활성"",""reason"":""실제 관절 한계·역기구학·접근 자세 미검증""},""sequence"":{""status"":""NOT VERIFIED"",""violations"":0,""checkedPlacements"":6,""scope"":""로봇 검사 비활성"",""reason"":""실제 파지·관절 궤적·전 과정 실행 미검증""}}","11.050457857142858","33.333333333333336","6","12","0.19376509","996234872","603","","70.91825527844648","61.56702733279407","210.6086956521739","191.49289744833067","100","100","40.04480199853244","57.2","0.6762925011644154","0","0","","56.13497142857146","180.7904000000001","144.20348","173.47301600000003","392.9448000000002","85.71428571428571","","","","414","31.026100000000042","11.050457857142858","0","33.333333333333336","","70.91825527844648","","","","","","","","","","","","",""
"random","online","random","43","1","8a14cf1e","partial","누적 무게중심 정적 평형 불가 · Heavy-02 / SUPPORT: 지지 조건 미달 33.2% / 필요 95.0% · CoG 지지 검사 / 무게 규칙 위반 · Medium-04 (8 kg) / SUPPORT: 지지 조건 미달 35.0% / 필요 95.0% · CoG 지지 검사 / SUPPORT: 지지 조건 미달 61.2% / 필요 95.0% · CoG 지지 검사 / SUPPORT: 지지 조건 미달 64.5% / 필요 95.0% · CoG 지지 검사 / SUPPORT: 지지 조건 미달 51.4% / 필요 95.0% · CoG 지지 검사 / SUPPORT: 지지 조건 미달 54.2% / 필요 95.0% · CoG 지지 검사 / SUPPORT: 지지 조건 미달 35.7% / 필요 95.0% · CoG 지지 검사 / SUPPORT: 지지 조건 미달 37.6% / 필요 95.0% · CoG 지지 검사 / SUPPORT: 지지 조건 미달 14.4% / 필요 95.0% · CoG 지지 검사 / 무게 규칙 위반 · Long-01 (6 kg) / SUPPORT: 지지 조건 미달 18.2% / 필요 95.0% · CoG 지지 검사 / SUPPORT: 지지 조건 미달 34.3% / 필요 95.0% · CoG 지지 검사 / SUPPORT: 지지 조건 미달 46.0% / 필요 95.0% · CoG 지지 검사 / SUPPORT: 지지 조건 미달 38.4% / 필요 95.0% · CoG 지지 검사 / SUPPORT: 지지 조건 미달 11.2% / 필요 95.0% · CoG 지지 검사 / SUPPORT: 지지 조건 미달 14.2% / 필요 95.0% · CoG 지지 검사 / SUPPORT: 지지 조건 미달 26.7% / 필요 95.0% · CoG 지지 검사 / SUPPORT: 지지 조건 미달 23.0% / 필요 95.0% · CoG 지지 검사 / 무게 규칙 위반 · Wide-03 (12 kg) / SUPPORT: 지지 조건 미달 28.3% / 필요 95.0% · CoG 지지 검사 / SUPPORT: 지지 조건 미달 31.1% / 필요 95.0% · CoG 지지 검사 / SUPPORT: 지지 조건 미달 41.3% / 필요 95.0% · CoG 지지 검사 / SUPPORT: 지지 조건 미달 43.1% / 필요 95.0% · CoG 지지 검사 / SUPPORT: 지지 조건 미달 57.6% / 필요 95.0% · CoG 지지 검사 / SUPPORT: 지지 조건 미달 41.7% / 필요 95.0% · CoG 지지 검사","explicit","unverified","{}","{""protocol"":8,""bounds"":44,""support"":359,""load"":215}","adapter-1.0 / planners-f6ec11d4259a","2.0.0","{""requested"":1,""completed"":1,""outcomes"":[""partial""],""sameWorker"":true}","{""collision"":{""status"":""PASS"",""violations"":0,""checkedPlacements"":8,""scope"":""직육면체 기하·관측 규격 공통 검사"",""reason"":""확정 배치와 최종 적재 상태 검사""},""bounds"":{""status"":""PASS"",""violations"":0,""checkedPlacements"":8,""scope"":""직육면체 기하·관측 규격 공통 검사"",""reason"":""확정 배치와 최종 적재 상태 검사""},""height"":{""status"":""PASS"",""violations"":0,""checkedPlacements"":8,""scope"":""직육면체 기하·관측 규격 공통 검사"",""reason"":""확정 배치와 최종 적재 상태 검사""},""orientation"":{""status"":""PASS"",""violations"":0,""checkedPlacements"":8,""scope"":""직육면체 기하·관측 규격 공통 검사"",""reason"":""확정 배치와 최종 적재 상태 검사""},""load"":{""status"":""PASS"",""violations"":0,""checkedPlacements"":8,""scope"":""입력된 허용 상부하중 · 누적 정적 반력"",""reason"":""입력값 범위의 정적 검사. 실측 재료 인증 아님""},""support"":{""status"":""PASS"",""violations"":0,""checkedPlacements"":8,""scope"":""접촉·합력 작용점·정적 평형"",""reason"":""설정된 지지율·전도 여유 검사. 동적 붕괴·굽힘 파손 미검증""},""payload"":{""status"":""NOT VERIFIED"",""violations"":0,""checkedPlacements"":8,""scope"":""입력 가반하중 · 박스+그리퍼 질량"",""reason"":""로봇 가반하중 검사 비활성 또는 유효한 사양 없음""},""robotCollision"":{""status"":""NOT VERIFIED"",""violations"":0,""checkedPlacements"":8,""scope"":""로봇 검사 비활성"",""reason"":""전체 로봇 링크 충돌 미검증""},""approach"":{""status"":""NOT VERIFIED"",""violations"":0,""checkedPlacements"":8,""scope"":""로봇 검사 비활성"",""reason"":""실제 관절 한계·역기구학·접근 자세 미검증""},""sequence"":{""status"":""NOT VERIFIED"",""violations"":0,""checkedPlacements"":8,""scope"":""로봇 검사 비활성"",""reason"":""실제 파지·관절 궤적·전 과정 실행 미검증""}}","15.282102857142856","44.44444444444444","8","10","0.146370666","948840448","579","","81.1508636400297","81.1508636400297","211.453125","67.99889776795098","100","100","22.988943411488748","52.45","0.562992125984252","0","0","","3.200666666666722","5.334000000000287","5.04828000000025","5.27685600000028","28.806000000000495","88.88888888888889","","","","522","10.5942","15.282102857142856","0","44.44444444444444","","81.1508636400297","","","","","","","","","","","","",""
"greedy","online","random","44","2","9ec4cddd","partial","SUPPORT: 지지 조건 미달 32.2% / 필요 95.0% / 무게 규칙 위반 / SUPPORT: 지지 조건 미달 61.0% / 필요 95.0% / 누적 무게중심 정적 평형 불가 / SUPPORT: 지지 조건 미달 17.3% / 필요 95.0% / SUPPORT: 지지 조건 미달 24.2% / 필요 95.0% / SUPPORT: 지지 조건 미달 34.9% / 필요 95.0% / SUPPORT: 지지 조건 미달 33.4% / 필요 95.0% / SUPPORT: 지지 조건 미달 30.5% / 필요 95.0% / SUPPORT: 지지 조건 미달 25.6% / 필요 95.0% / SUPPORT: 지지 조건 미달 29.8% / 필요 95.0% / SUPPORT: 지지 조건 미달 33.5% / 필요 95.0% / SUPPORT: 지지 조건 미달 39.1% / 필요 95.0% / SUPPORT: 지지 조건 미달 12.5% / 필요 95.0% / SUPPORT: 지지 조건 미달 17.5% / 필요 95.0% / SUPPORT: 지지 조건 미달 18.9% / 필요 95.0% / SUPPORT: 지지 조건 미달 26.8% / 필요 95.0% / SUPPORT: 지지 조건 미달 32.4% / 필요 95.0% / SUPPORT: 지지 조건 미달 35.0% / 필요 95.0% / SUPPORT: 지지 조건 미달 25.2% / 필요 95.0% / SUPPORT: 지지 조건 미달 10.5% / 필요 95.0% / SUPPORT: 지지 조건 미달 14.8% / 필요 95.0% / SUPPORT: 지지 조건 미달 16.1% / 필요 95.0% / SUPPORT: 지지 조건 미달 24.1% / 필요 95.0% / SUPPORT: 지지 조건 미달 29.7% / 필요 95.0% / SUPPORT: 지지 조건 미달 33.3% / 필요 95.0% / SUPPORT: 지지 조건 미달 25.0% / 필요 95.0% / SUPPORT: 지지 조건 미달 14.9% / 필요 95.0% / SUPPORT: 지지 조건 미달 20.5% / 필요 95.0% / SUPPORT: 지지 조건 미달 46.6% / 필요 95.0% / SUPPORT: 지지 조건 미달 5.1% / 필요 95.0% / SUPPORT: 지지 조건 미달 7.0% / 필요 95.0% / SUPPORT: 지지 조건 미달 16.0% / 필요 95.0% / SUPPORT: 지지 조건 미달 3.0% / 필요 95.0% / SUPPORT: 지지 조건 미달 4.2% / 필요 95.0% / SUPPORT: 지지 조건 미달 9.5% / 필요 95.0%","explicit","unverified","{}","{""bounds"":75,""support"":138,""load"":77}","adapter-1.0 / planners-f6ec11d4259a","2.0.0","{""requested"":1,""completed"":1,""outcomes"":[""partial""],""sameWorker"":true}","{""collision"":{""status"":""PASS"",""violations"":0,""checkedPlacements"":10,""scope"":""직육면체 기하·관측 규격 공통 검사"",""reason"":""확정 배치와 최종 적재 상태 검사""},""bounds"":{""status"":""PASS"",""violations"":0,""checkedPlacements"":10,""scope"":""직육면체 기하·관측 규격 공통 검사"",""reason"":""확정 배치와 최종 적재 상태 검사""},""height"":{""status"":""PASS"",""violations"":0,""checkedPlacements"":10,""scope"":""직육면체 기하·관측 규격 공통 검사"",""reason"":""확정 배치와 최종 적재 상태 검사""},""orientation"":{""status"":""PASS"",""violations"":0,""checkedPlacements"":10,""scope"":""직육면체 기하·관측 규격 공통 검사"",""reason"":""확정 배치와 최종 적재 상태 검사""},""load"":{""status"":""PASS"",""violations"":0,""checkedPlacements"":10,""scope"":""입력된 허용 상부하중 · 누적 정적 반력"",""reason"":""입력값 범위의 정적 검사. 실측 재료 인증 아님""},""support"":{""status"":""PASS"",""violations"":0,""checkedPlacements"":10,""scope"":""접촉·합력 작용점·정적 평형"",""reason"":""설정된 지지율·전도 여유 검사. 동적 붕괴·굽힘 파손 미검증""},""payload"":{""status"":""NOT VERIFIED"",""violations"":0,""checkedPlacements"":10,""scope"":""입력 가반하중 · 박스+그리퍼 질량"",""reason"":""로봇 가반하중 검사 비활성 또는 유효한 사양 없음""},""robotCollision"":{""status"":""NOT VERIFIED"",""violations"":0,""checkedPlacements"":10,""scope"":""로봇 검사 비활성"",""reason"":""전체 로봇 링크 충돌 미검증""},""approach"":{""status"":""NOT VERIFIED"",""violations"":0,""checkedPlacements"":10,""scope"":""로봇 검사 비활성"",""reason"":""실제 관절 한계·역기구학·접근 자세 미검증""},""sequence"":{""status"":""NOT VERIFIED"",""violations"":0,""checkedPlacements"":10,""scope"":""로봇 검사 비활성"",""reason"":""실제 파지·관절 궤적·전 과정 실행 미검증""}}","17.16619232142857","55.55555555555556","10","8","0.125268864","927738646","434","","88.14598189837875","80.52972903089369","147.44623655913978","54.85022280577344","100","100","21.91151407820086","70.8","0.619815668202765","0","0","","69.47385454545442","138.05600000000004","136.8786","137.82052000000004","764.2123999999985","90.9090909090909","","","","638","18.31750000000011","17.16619232142857","0","55.55555555555556","","88.14598189837875","","","","","","","","","","","","",""
"random","online","random","44","2","9ec4cddd","partial","누적 무게중심 정적 평형 불가 · Long-02 / SUPPORT: 지지 조건 미달 24.2% / 필요 95.0% · CoG 지지 검사 / 무게 규칙 위반 · Small-04 (3 kg) / SUPPORT: 지지 조건 미달 12.9% / 필요 95.0% · CoG 지지 검사 / SUPPORT: 지지 조건 미달 21.3% / 필요 95.0% · CoG 지지 검사 / SUPPORT: 지지 조건 미달 13.4% / 필요 95.0% · CoG 지지 검사 / SUPPORT: 지지 조건 미달 15.5% / 필요 95.0% · CoG 지지 검사 / SUPPORT: 지지 조건 미달 21.5% / 필요 95.0% · CoG 지지 검사 / SUPPORT: 지지 조건 미달 33.1% / 필요 95.0% · CoG 지지 검사 / SUPPORT: 지지 조건 미달 14.3% / 필요 95.0% · CoG 지지 검사 / SUPPORT: 지지 조건 미달 23.5% / 필요 95.0% · CoG 지지 검사 / SUPPORT: 지지 조건 미달 14.8% / 필요 95.0% · CoG 지지 검사 / SUPPORT: 지지 조건 미달 16.9% / 필요 95.0% · CoG 지지 검사 / SUPPORT: 지지 조건 미달 23.4% / 필요 95.0% · CoG 지지 검사 / SUPPORT: 지지 조건 미달 36.0% / 필요 95.0% · CoG 지지 검사 / SUPPORT: 지지 조건 미달 14.7% / 필요 95.0% · CoG 지지 검사 / SUPPORT: 지지 조건 미달 24.1% / 필요 95.0% · CoG 지지 검사 / SUPPORT: 지지 조건 미달 15.2% / 필요 95.0% · CoG 지지 검사 / SUPPORT: 지지 조건 미달 17.2% / 필요 95.0% · CoG 지지 검사 / SUPPORT: 지지 조건 미달 23.9% / 필요 95.0% · CoG 지지 검사 / SUPPORT: 지지 조건 미달 36.8% / 필요 95.0% · CoG 지지 검사 / SUPPORT: 지지 조건 미달 28.3% / 필요 95.0% · CoG 지지 검사 / SUPPORT: 지지 조건 미달 30.0% / 필요 95.0% · CoG 지지 검사 / SUPPORT: 지지 조건 미달 46.6% / 필요 95.0% · CoG 지지 검사 / SUPPORT: 지지 조건 미달 16.0% / 필요 95.0% · CoG 지지 검사","explicit","unverified","{}","{""bounds"":69,""support"":215,""load"":71}","adapter-1.0 / planners-f6ec11d4259a","2.0.0","{""requested"":1,""completed"":1,""outcomes"":[""partial""],""sameWorker"":true}","{""collision"":{""status"":""PASS"",""violations"":0,""checkedPlacements"":10,""scope"":""직육면체 기하·관측 규격 공통 검사"",""reason"":""확정 배치와 최종 적재 상태 검사""},""bounds"":{""status"":""PASS"",""violations"":0,""checkedPlacements"":10,""scope"":""직육면체 기하·관측 규격 공통 검사"",""reason"":""확정 배치와 최종 적재 상태 검사""},""height"":{""status"":""PASS"",""violations"":0,""checkedPlacements"":10,""scope"":""직육면체 기하·관측 규격 공통 검사"",""reason"":""확정 배치와 최종 적재 상태 검사""},""orientation"":{""status"":""PASS"",""violations"":0,""checkedPlacements"":10,""scope"":""직육면체 기하·관측 규격 공통 검사"",""reason"":""확정 배치와 최종 적재 상태 검사""},""load"":{""status"":""PASS"",""violations"":0,""checkedPlacements"":10,""scope"":""입력된 허용 상부하중 · 누적 정적 반력"",""reason"":""입력값 범위의 정적 검사. 실측 재료 인증 아님""},""support"":{""status"":""PASS"",""violations"":0,""checkedPlacements"":10,""scope"":""접촉·합력 작용점·정적 평형"",""reason"":""설정된 지지율·전도 여유 검사. 동적 붕괴·굽힘 파손 미검증""},""payload"":{""status"":""NOT VERIFIED"",""violations"":0,""checkedPlacements"":10,""scope"":""입력 가반하중 · 박스+그리퍼 질량"",""reason"":""로봇 가반하중 검사 비활성 또는 유효한 사양 없음""},""robotCollision"":{""status"":""NOT VERIFIED"",""violations"":0,""checkedPlacements"":10,""scope"":""로봇 검사 비활성"",""reason"":""전체 로봇 링크 충돌 미검증""},""approach"":{""status"":""NOT VERIFIED"",""violations"":0,""checkedPlacements"":10,""scope"":""로봇 검사 비활성"",""reason"":""실제 관절 한계·역기구학·접근 자세 미검증""},""sequence"":{""status"":""NOT VERIFIED"",""violations"":0,""checkedPlacements"":10,""scope"":""로봇 검사 비활성"",""reason"":""실제 파지·관절 궤적·전 과정 실행 미검증""}}","17.16619232142857","55.55555555555556","10","8","0.125268864","927738646","547","","57.68097042843853","57.68097042843853","161.252688172043","90.17548858781475","99.94134897360703","99.41348973607037","24.399304882252903","70.8","0.8080779146376398","0","0","","8.165827272727256","17.153299999999945","15.512950000000046","16.825229999999966","89.82409999999982","90.9090909090909","","","","634","53.38020000000006","17.16619232142857","0","55.55555555555556","","57.68097042843853","","","","","","","","","","","","",""
"greedy","online","random","45","3","a5eb7fd4","partial","누적 무게중심 정적 평형 불가 / SUPPORT: 지지 조건 미달 10.8% / 필요 95.0% / 무게 규칙 위반 / SUPPORT: 지지 조건 미달 26.9% / 필요 95.0% / SUPPORT: 지지 조건 미달 14.9% / 필요 95.0% / SUPPORT: 지지 조건 미달 13.1% / 필요 95.0% / SUPPORT: 지지 조건 미달 9.3% / 필요 95.0% / SUPPORT: 지지 조건 미달 6.3% / 필요 95.0% / SUPPORT: 지지 조건 미달 3.7% / 필요 95.0% / SUPPORT: 지지 조건 미달 3.2% / 필요 95.0% / SUPPORT: 지지 조건 미달 11.9% / 필요 95.0% / SUPPORT: 지지 조건 미달 10.5% / 필요 95.0% / SUPPORT: 지지 조건 미달 7.4% / 필요 95.0% / SUPPORT: 지지 조건 미달 5.1% / 필요 95.0% / SUPPORT: 지지 조건 미달 2.9% / 필요 95.0% / SUPPORT: 지지 조건 미달 2.5% / 필요 95.0% / SUPPORT: 지지 조건 미달 21.9% / 필요 95.0% / SUPPORT: 지지 조건 미달 25.3% / 필요 95.0% / SUPPORT: 지지 조건 미달 9.9% / 필요 95.0% / SUPPORT: 지지 조건 미달 0.3% / 필요 95.0% / SUPPORT: 지지 조건 미달 7.2% / 필요 95.0% / SUPPORT: 지지 조건 미달 9.4% / 필요 95.0% / SUPPORT: 지지 조건 미달 14.2% / 필요 95.0% / SUPPORT: 지지 조건 미달 10.7% / 필요 95.0% / SUPPORT: 지지 조건 미달 20.7% / 필요 95.0% / SUPPORT: 지지 조건 미달 30.5% / 필요 95.0%","explicit","unverified","{}","{""protocol"":33,""support"":362,""load"":271}","adapter-1.0 / planners-f6ec11d4259a","2.0.0","{""requested"":1,""completed"":1,""outcomes"":[""partial""],""sameWorker"":true}","{""collision"":{""status"":""PASS"",""violations"":0,""checkedPlacements"":12,""scope"":""직육면체 기하·관측 규격 공통 검사"",""reason"":""확정 배치와 최종 적재 상태 검사""},""bounds"":{""status"":""PASS"",""violations"":0,""checkedPlacements"":12,""scope"":""직육면체 기하·관측 규격 공통 검사"",""reason"":""확정 배치와 최종 적재 상태 검사""},""height"":{""status"":""PASS"",""violations"":0,""checkedPlacements"":12,""scope"":""직육면체 기하·관측 규격 공통 검사"",""reason"":""확정 배치와 최종 적재 상태 검사""},""orientation"":{""status"":""PASS"",""violations"":0,""checkedPlacements"":12,""scope"":""직육면체 기하·관측 규격 공통 검사"",""reason"":""확정 배치와 최종 적재 상태 검사""},""load"":{""status"":""PASS"",""violations"":0,""checkedPlacements"":12,""scope"":""입력된 허용 상부하중 · 누적 정적 반력"",""reason"":""입력값 범위의 정적 검사. 실측 재료 인증 아님""},""support"":{""status"":""PASS"",""violations"":0,""checkedPlacements"":12,""scope"":""접촉·합력 작용점·정적 평형"",""reason"":""설정된 지지율·전도 여유 검사. 동적 붕괴·굽힘 파손 미검증""},""payload"":{""status"":""NOT VERIFIED"",""violations"":0,""checkedPlacements"":12,""scope"":""입력 가반하중 · 박스+그리퍼 질량"",""reason"":""로봇 가반하중 검사 비활성 또는 유효한 사양 없음""},""robotCollision"":{""status"":""NOT VERIFIED"",""violations"":0,""checkedPlacements"":12,""scope"":""로봇 검사 비활성"",""reason"":""전체 로봇 링크 충돌 미검증""},""approach"":{""status"":""NOT VERIFIED"",""violations"":0,""checkedPlacements"":12,""scope"":""로봇 검사 비활성"",""reason"":""실제 관절 한계·역기구학·접근 자세 미검증""},""sequence"":{""status"":""NOT VERIFIED"",""violations"":0,""checkedPlacements"":12,""scope"":""로봇 검사 비활성"",""reason"":""실제 파지·관절 궤적·전 과정 실행 미검증""}}","19.796954285714286","66.66666666666667","12","6","0.09580433","898274112","1037","","42.57214880279317","28.50795649253346","307.5","71.14004823708606","100","100","11.92492468481165","65.85","0.4013266998341625","0","0","","99.16931538461537","211.46069999999963","204.2850599999998","210.02557199999964","1289.2010999999998","92.3076923076923","","","","778","15.961900000000242","19.796954285714286","0","66.66666666666667","","42.57214880279317","","","","","","","","","","","","",""
"random","online","random","45","3","a5eb7fd4","partial","누적 무게중심 정적 평형 불가 · Heavy-01 / SUPPORT: 지지 조건 미달 47.7% / 필요 95.0% · CoG 지지 검사 / 무게 규칙 위반 · Medium-01 (8 kg) / SUPPORT: 지지 조건 미달 24.5% / 필요 95.0% · CoG 지지 검사 / SUPPORT: 지지 조건 미달 64.5% / 필요 95.0% · CoG 지지 검사 / SUPPORT: 지지 조건 미달 70.7% / 필요 95.0% · CoG 지지 검사 / SUPPORT: 지지 조건 미달 90.2% / 필요 95.0% · CoG 지지 검사 / 무게 규칙 위반 · Medium-04 (8 kg) / SUPPORT: 지지 조건 미달 71.0% / 필요 95.0% · CoG 지지 검사 / SUPPORT: 지지 조건 미달 81.8% / 필요 95.0% · CoG 지지 검사 / SUPPORT: 지지 조건 미달 88.7% / 필요 95.0% · CoG 지지 검사 / SUPPORT: 지지 조건 미달 69.4% / 필요 95.0% · CoG 지지 검사 / SUPPORT: 지지 조건 미달 23.0% / 필요 95.0% · CoG 지지 검사 / SUPPORT: 지지 조건 미달 66.6% / 필요 95.0% · CoG 지지 검사 / SUPPORT: 지지 조건 미달 66.8% / 필요 95.0% · CoG 지지 검사 / SUPPORT: 지지 조건 미달 77.0% / 필요 95.0% · CoG 지지 검사 / SUPPORT: 지지 조건 미달 65.3% / 필요 95.0% · CoG 지지 검사 / SUPPORT: 지지 조건 미달 40.0% / 필요 95.0% · CoG 지지 검사 / SUPPORT: 지지 조건 미달 54.1% / 필요 95.0% · CoG 지지 검사 / SUPPORT: 지지 조건 미달 75.7% / 필요 95.0% · CoG 지지 검사 / SUPPORT: 지지 조건 미달 83.9% / 필요 95.0% · CoG 지지 검사 / SUPPORT: 지지 조건 미달 74.5% / 필요 95.0% · CoG 지지 검사 / SUPPORT: 지지 조건 미달 33.0% / 필요 95.0% · CoG 지지 검사 / SUPPORT: 지지 조건 미달 44.6% / 필요 95.0% · CoG 지지 검사 / SUPPORT: 지지 조건 미달 62.3% / 필요 95.0% · CoG 지지 검사 / SUPPORT: 지지 조건 미달 69.1% / 필요 95.0% · CoG 지지 검사 / SUPPORT: 지지 조건 미달 61.3% / 필요 95.0% · CoG 지지 검사 / SUPPORT: 지지 조건 미달 18.0% / 필요 95.0% · CoG 지지 검사 / 무게 규칙 위반 · Tall-01 (5 kg) / SUPPORT: 지지 조건 미달 35.1% / 필요 95.0% · CoG 지지 검사 / SUPPORT: 지지 조건 미달 51.2% / 필요 95.0% · CoG 지지 검사 / SUPPORT: 지지 조건 미달 54.2% / 필요 95.0% · CoG 지지 검사 / SUPPORT: 지지 조건 미달 20.3% / 필요 95.0% · CoG 지지 검사 / SUPPORT: 지지 조건 미달 39.6% / 필요 95.0% · CoG 지지 검사 / SUPPORT: 지지 조건 미달 24.2% / 필요 95.0% · CoG 지지 검사 / SUPPORT: 지지 조건 미달 47.2% / 필요 95.0% · CoG 지지 검사 / SUPPORT: 지지 조건 미달 3.8% / 필요 95.0% · CoG 지지 검사 / 무게 규칙 위반 · Small-05 (3 kg) / 재질 허용 지지하중 초과 · Small-04 (21.00 / 14.40 kg · 종이 / 골판지 입력값) / SUPPORT: 지지 조건 미달 3.7% / 필요 95.0% · CoG 지지 검사 / SUPPORT: 지지 조건 미달 0.4% / 필요 95.0% · CoG 지지 검사 / SUPPORT: 지지 조건 미달 10.3% / 필요 95.0% · CoG 지지 검사 / SUPPORT: 지지 조건 미달 10.1% / 필요 95.0% · CoG 지지 검사 / SUPPORT: 지지 조건 미달 1.0% / 필요 95.0% · CoG 지지 검사 / SUPPORT: 지지 조건 미달 2.2% / 필요 95.0% · CoG 지지 검사 / SUPPORT: 지지 조건 미달 30.4% / 필요 95.0% · CoG 지지 검사 / SUPPORT: 지지 조건 미달 29.8% / 필요 95.0% · CoG 지지 검사","explicit","unverified","{}","{""bounds"":14,""support"":227,""load"":165}","adapter-1.0 / planners-f6ec11d4259a","2.0.0","{""requested"":1,""completed"":1,""outcomes"":[""partial""],""sameWorker"":true}","{""collision"":{""status"":""PASS"",""violations"":0,""checkedPlacements"":9,""scope"":""직육면체 기하·관측 규격 공통 검사"",""reason"":""확정 배치와 최종 적재 상태 검사""},""bounds"":{""status"":""PASS"",""violations"":0,""checkedPlacements"":9,""scope"":""직육면체 기하·관측 규격 공통 검사"",""reason"":""확정 배치와 최종 적재 상태 검사""},""height"":{""status"":""PASS"",""violations"":0,""checkedPlacements"":9,""scope"":""직육면체 기하·관측 규격 공통 검사"",""reason"":""확정 배치와 최종 적재 상태 검사""},""orientation"":{""status"":""PASS"",""violations"":0,""checkedPlacements"":9,""scope"":""직육면체 기하·관측 규격 공통 검사"",""reason"":""확정 배치와 최종 적재 상태 검사""},""load"":{""status"":""PASS"",""violations"":0,""checkedPlacements"":9,""scope"":""입력된 허용 상부하중 · 누적 정적 반력"",""reason"":""입력값 범위의 정적 검사. 실측 재료 인증 아님""},""support"":{""status"":""PASS"",""violations"":0,""checkedPlacements"":9,""scope"":""접촉·합력 작용점·정적 평형"",""reason"":""설정된 지지율·전도 여유 검사. 동적 붕괴·굽힘 파손 미검증""},""payload"":{""status"":""NOT VERIFIED"",""violations"":0,""checkedPlacements"":9,""scope"":""입력 가반하중 · 박스+그리퍼 질량"",""reason"":""로봇 가반하중 검사 비활성 또는 유효한 사양 없음""},""robotCollision"":{""status"":""NOT VERIFIED"",""violations"":0,""checkedPlacements"":9,""scope"":""로봇 검사 비활성"",""reason"":""전체 로봇 링크 충돌 미검증""},""approach"":{""status"":""NOT VERIFIED"",""violations"":0,""checkedPlacements"":9,""scope"":""로봇 검사 비활성"",""reason"":""실제 관절 한계·역기구학·접근 자세 미검증""},""sequence"":{""status"":""NOT VERIFIED"",""violations"":0,""checkedPlacements"":9,""scope"":""로봇 검사 비활성"",""reason"":""실제 파지·관절 궤적·전 과정 실행 미검증""}}","14.483934374999999","50","9","9","0.155310153","957779935","603","","36.49771855628225","36.49771855628225","194.17741935483872","108.06468945580708","100","100","42.22797465579606","65.85","0.5860927152317881","0","0","","4.615530000000035","10.363800000000083","8.537340000000173","9.998508000000102","46.15530000000035","90","","","","584","13.324999999999818","14.483934374999999","0","50","","36.49771855628225","","","","","","","","","","","","",""
"greedy","online","random","46","4","453579a3","partial","누적 무게중심 정적 평형 불가 / SUPPORT: 지지 조건 미달 10.0% / 필요 95.0% / 무게 규칙 위반 / SUPPORT: 지지 조건 미달 4.5% / 필요 95.0% / SUPPORT: 지지 조건 미달 2.2% / 필요 95.0% / SUPPORT: 지지 조건 미달 7.1% / 필요 95.0% / SUPPORT: 지지 조건 미달 3.2% / 필요 95.0% / SUPPORT: 지지 조건 미달 1.6% / 필요 95.0% / SUPPORT: 지지 조건 미달 66.6% / 필요 95.0% / SUPPORT: 지지 조건 미달 45.1% / 필요 95.0% / SUPPORT: 지지 조건 미달 33.3% / 필요 95.0% / SUPPORT: 지지 조건 미달 19.6% / 필요 95.0% / SUPPORT: 지지 조건 미달 48.8% / 필요 95.0% / SUPPORT: 지지 조건 미달 31.9% / 필요 95.0% / SUPPORT: 지지 조건 미달 30.5% / 필요 95.0% / SUPPORT: 지지 조건 미달 13.5% / 필요 95.0% / SUPPORT: 지지 조건 미달 6.8% / 필요 95.0% / SUPPORT: 지지 조건 미달 2.9% / 필요 95.0% / SUPPORT: 지지 조건 미달 2.8% / 필요 95.0% / SUPPORT: 지지 조건 미달 1.2% / 필요 95.0% / SUPPORT: 지지 조건 미달 0.6% / 필요 95.0% / SUPPORT: 지지 조건 미달 18.5% / 필요 95.0% / SUPPORT: 지지 조건 미달 19.8% / 필요 95.0% / SUPPORT: 지지 조건 미달 36.8% / 필요 95.0% / SUPPORT: 지지 조건 미달 46.6% / 필요 95.0% / SUPPORT: 지지 조건 미달 37.2% / 필요 95.0%","explicit","unverified","{}","{""protocol"":12,""support"":106,""load"":44}","adapter-1.0 / planners-f6ec11d4259a","2.0.0","{""requested"":1,""completed"":1,""outcomes"":[""partial""],""sameWorker"":true}","{""collision"":{""status"":""PASS"",""violations"":0,""checkedPlacements"":4,""scope"":""직육면체 기하·관측 규격 공통 검사"",""reason"":""확정 배치와 최종 적재 상태 검사""},""bounds"":{""status"":""PASS"",""violations"":0,""checkedPlacements"":4,""scope"":""직육면체 기하·관측 규격 공통 검사"",""reason"":""확정 배치와 최종 적재 상태 검사""},""height"":{""status"":""PASS"",""violations"":0,""checkedPlacements"":4,""scope"":""직육면체 기하·관측 규격 공통 검사"",""reason"":""확정 배치와 최종 적재 상태 검사""},""orientation"":{""status"":""PASS"",""violations"":0,""checkedPlacements"":4,""scope"":""직육면체 기하·관측 규격 공통 검사"",""reason"":""확정 배치와 최종 적재 상태 검사""},""load"":{""status"":""PASS"",""violations"":0,""checkedPlacements"":4,""scope"":""입력된 허용 상부하중 · 누적 정적 반력"",""reason"":""입력값 범위의 정적 검사. 실측 재료 인증 아님""},""support"":{""status"":""PASS"",""violations"":0,""checkedPlacements"":4,""scope"":""접촉·합력 작용점·정적 평형"",""reason"":""설정된 지지율·전도 여유 검사. 동적 붕괴·굽힘 파손 미검증""},""payload"":{""status"":""NOT VERIFIED"",""violations"":0,""checkedPlacements"":4,""scope"":""입력 가반하중 · 박스+그리퍼 질량"",""reason"":""로봇 가반하중 검사 비활성 또는 유효한 사양 없음""},""robotCollision"":{""status"":""NOT VERIFIED"",""violations"":0,""checkedPlacements"":4,""scope"":""로봇 검사 비활성"",""reason"":""전체 로봇 링크 충돌 미검증""},""approach"":{""status"":""NOT VERIFIED"",""violations"":0,""checkedPlacements"":4,""scope"":""로봇 검사 비활성"",""reason"":""실제 관절 한계·역기구학·접근 자세 미검증""},""sequence"":{""status"":""NOT VERIFIED"",""violations"":0,""checkedPlacements"":4,""scope"":""로봇 검사 비활성"",""reason"":""실제 파지·관절 궤적·전 과정 실행 미검증""}}","6.8188128571428575","22.22222222222222","4","14","0.241159514","1043629296","217","","94.17436006416304","56.43624514759874","98.03571428571429","55.8252786351656","100","100","28.57142857142857","70.8","1.1721854304635762","0","0","","33.630879999999706","68.65469999999914","64.33507999999928","67.79077599999917","168.15439999999853","80","","","","266","7.306599999999889","6.8188128571428575","0","22.22222222222222","","94.17436006416304","","","","","","","","","","","","",""
"random","online","random","46","4","453579a3","partial","SUPPORT: 지지 조건 미달 51.9% / 필요 95.0% · CoG 지지 검사 / 무게 규칙 위반 · Medium-04 (8 kg) / SUPPORT: 지지 조건 미달 40.9% / 필요 95.0% · CoG 지지 검사 / SUPPORT: 지지 조건 미달 37.7% / 필요 95.0% · CoG 지지 검사 / 누적 무게중심 정적 평형 불가 · Wide-01 / SUPPORT: 지지 조건 미달 7.0% / 필요 95.0% · CoG 지지 검사 / SUPPORT: 지지 조건 미달 11.8% / 필요 95.0% · CoG 지지 검사 / SUPPORT: 지지 조건 미달 3.8% / 필요 95.0% · CoG 지지 검사 / SUPPORT: 지지 조건 미달 6.1% / 필요 95.0% · CoG 지지 검사 / 무게 규칙 위반 · Medium-02 (8 kg) / SUPPORT: 지지 조건 미달 8.9% / 필요 95.0% · CoG 지지 검사 / SUPPORT: 지지 조건 미달 42.4% / 필요 95.0% · CoG 지지 검사 / SUPPORT: 지지 조건 미달 33.5% / 필요 95.0% · CoG 지지 검사 / SUPPORT: 지지 조건 미달 30.9% / 필요 95.0% · CoG 지지 검사 / SUPPORT: 지지 조건 미달 5.7% / 필요 95.0% · CoG 지지 검사 / SUPPORT: 지지 조건 미달 3.1% / 필요 95.0% · CoG 지지 검사 / SUPPORT: 지지 조건 미달 37.6% / 필요 95.0% · CoG 지지 검사 / SUPPORT: 지지 조건 미달 29.7% / 필요 95.0% · CoG 지지 검사 / SUPPORT: 지지 조건 미달 27.4% / 필요 95.0% · CoG 지지 검사 / SUPPORT: 지지 조건 미달 5.1% / 필요 95.0% · CoG 지지 검사 / SUPPORT: 지지 조건 미달 2.8% / 필요 95.0% · CoG 지지 검사 / SUPPORT: 지지 조건 미달 5.9% / 필요 95.0% · CoG 지지 검사 / SUPPORT: 지지 조건 미달 17.5% / 필요 95.0% · CoG 지지 검사 / SUPPORT: 지지 조건 미달 3.7% / 필요 95.0% · CoG 지지 검사 / SUPPORT: 지지 조건 미달 16.0% / 필요 95.0% · CoG 지지 검사 / SUPPORT: 지지 조건 미달 23.2% / 필요 95.0% · CoG 지지 검사 / SUPPORT: 지지 조건 미달 20.8% / 필요 95.0% · CoG 지지 검사 / SUPPORT: 지지 조건 미달 21.7% / 필요 95.0% · CoG 지지 검사 / SUPPORT: 지지 조건 미달 31.6% / 필요 95.0% · CoG 지지 검사 / SUPPORT: 지지 조건 미달 19.6% / 필요 95.0% · CoG 지지 검사 / SUPPORT: 지지 조건 미달 24.4% / 필요 95.0% · CoG 지지 검사 / SUPPORT: 지지 조건 미달 19.7% / 필요 95.0% · CoG 지지 검사 / SUPPORT: 지지 조건 미달 27.9% / 필요 95.0% · CoG 지지 검사 / SUPPORT: 지지 조건 미달 40.6% / 필요 95.0% · CoG 지지 검사 / SUPPORT: 지지 조건 미달 27.3% / 필요 95.0% · CoG 지지 검사 / SUPPORT: 지지 조건 미달 33.0% / 필요 95.0% · CoG 지지 검사 / SUPPORT: 지지 조건 미달 48.1% / 필요 95.0% · CoG 지지 검사 / SUPPORT: 지지 조건 미달 30.0% / 필요 95.0% · CoG 지지 검사 / SUPPORT: 지지 조건 미달 31.9% / 필요 95.0% · CoG 지지 검사 / SUPPORT: 지지 조건 미달 32.5% / 필요 95.0% · CoG 지지 검사 / SUPPORT: 지지 조건 미달 26.0% / 필요 95.0% · CoG 지지 검사 / SUPPORT: 지지 조건 미달 34.9% / 필요 95.0% · CoG 지지 검사 / SUPPORT: 지지 조건 미달 44.9% / 필요 95.0% · CoG 지지 검사 / SUPPORT: 지지 조건 미달 47.9% / 필요 95.0% · CoG 지지 검사 / SUPPORT: 지지 조건 미달 4.0% / 필요 95.0% · CoG 지지 검사 / 무게 규칙 위반 · Tall-01 (5 kg) / SUPPORT: 지지 조건 미달 5.0% / 필요 95.0% · CoG 지지 검사 / SUPPORT: 지지 조건 미달 9.5% / 필요 95.0% · CoG 지지 검사 / SUPPORT: 지지 조건 미달 31.5% / 필요 95.0% · CoG 지지 검사 / SUPPORT: 지지 조건 미달 28.3% / 필요 95.0% · CoG 지지 검사 / SUPPORT: 지지 조건 미달 39.8% / 필요 95.0% · CoG 지지 검사 / SUPPORT: 지지 조건 미달 4.7% / 필요 95.0% · CoG 지지 검사 / SUPPORT: 지지 조건 미달 32.1% / 필요 95.0% · CoG 지지 검사 / SUPPORT: 지지 조건 미달 37.0% / 필요 95.0% · CoG 지지 검사","explicit","unverified","{}","{""bounds"":26,""support"":181,""load"":116}","adapter-1.0 / planners-f6ec11d4259a","2.0.0","{""requested"":1,""completed"":1,""outcomes"":[""partial""],""sameWorker"":true}","{""collision"":{""status"":""PASS"",""violations"":0,""checkedPlacements"":7,""scope"":""직육면체 기하·관측 규격 공통 검사"",""reason"":""확정 배치와 최종 적재 상태 검사""},""bounds"":{""status"":""PASS"",""violations"":0,""checkedPlacements"":7,""scope"":""직육면체 기하·관측 규격 공통 검사"",""reason"":""확정 배치와 최종 적재 상태 검사""},""height"":{""status"":""PASS"",""violations"":0,""checkedPlacements"":7,""scope"":""직육면체 기하·관측 규격 공통 검사"",""reason"":""확정 배치와 최종 적재 상태 검사""},""orientation"":{""status"":""PASS"",""violations"":0,""checkedPlacements"":7,""scope"":""직육면체 기하·관측 규격 공통 검사"",""reason"":""확정 배치와 최종 적재 상태 검사""},""load"":{""status"":""PASS"",""violations"":0,""checkedPlacements"":7,""scope"":""입력된 허용 상부하중 · 누적 정적 반력"",""reason"":""입력값 범위의 정적 검사. 실측 재료 인증 아님""},""support"":{""status"":""PASS"",""violations"":0,""checkedPlacements"":7,""scope"":""접촉·합력 작용점·정적 평형"",""reason"":""설정된 지지율·전도 여유 검사. 동적 붕괴·굽힘 파손 미검증""},""payload"":{""status"":""NOT VERIFIED"",""violations"":0,""checkedPlacements"":7,""scope"":""입력 가반하중 · 박스+그리퍼 질량"",""reason"":""로봇 가반하중 검사 비활성 또는 유효한 사양 없음""},""robotCollision"":{""status"":""NOT VERIFIED"",""violations"":0,""checkedPlacements"":7,""scope"":""로봇 검사 비활성"",""reason"":""전체 로봇 링크 충돌 미검증""},""approach"":{""status"":""NOT VERIFIED"",""violations"":0,""checkedPlacements"":7,""scope"":""로봇 검사 비활성"",""reason"":""실제 관절 한계·역기구학·접근 자세 미검증""},""sequence"":{""status"":""NOT VERIFIED"",""violations"":0,""checkedPlacements"":7,""scope"":""로봇 검사 비활성"",""reason"":""실제 파지·관절 궤적·전 과정 실행 미검증""}}","10.31354544642857","38.888888888888886","7","11","0.202018509","1004488291","344","","52.02692885069722","34.24134154294524","108.65555555555555","71.24594335430227","100","100","15.950801344208514","57.2","0.8454935622317596","0","0","","3.5783124999999245","7.8244000000004235","6.450265000000216","7.549573000000381","28.626499999999396","87.5","","","","456","13.44840000000022","10.31354544642857","0","38.888888888888886","","52.02692885069722","","","","","","","","","","","","",""
"greedy","online","random","47","5","e178d292","partial","누적 무게중심 정적 평형 불가 / SUPPORT: 지지 조건 미달 10.7% / 필요 95.0% / SUPPORT: 지지 조건 미달 10.9% / 필요 95.0% / SUPPORT: 지지 조건 미달 26.4% / 필요 95.0% / SUPPORT: 지지 조건 미달 34.4% / 필요 95.0% / SUPPORT: 지지 조건 미달 7.5% / 필요 95.0% / SUPPORT: 지지 조건 미달 7.7% / 필요 95.0% / SUPPORT: 지지 조건 미달 18.6% / 필요 95.0% / SUPPORT: 지지 조건 미달 24.2% / 필요 95.0% / SUPPORT: 지지 조건 미달 3.3% / 필요 95.0% / SUPPORT: 지지 조건 미달 3.4% / 필요 95.0% / SUPPORT: 지지 조건 미달 8.1% / 필요 95.0% / SUPPORT: 지지 조건 미달 10.6% / 필요 95.0% / SUPPORT: 지지 조건 미달 2.7% / 필요 95.0% / SUPPORT: 지지 조건 미달 6.6% / 필요 95.0% / SUPPORT: 지지 조건 미달 8.6% / 필요 95.0% / SUPPORT: 지지 조건 미달 46.6% / 필요 95.0% / SUPPORT: 지지 조건 미달 43.1% / 필요 95.0% / SUPPORT: 지지 조건 미달 40.0% / 필요 95.0% / SUPPORT: 지지 조건 미달 36.8% / 필요 95.0% / SUPPORT: 지지 조건 미달 30.5% / 필요 95.0% / SUPPORT: 지지 조건 미달 42.3% / 필요 95.0% / SUPPORT: 지지 조건 미달 38.4% / 필요 95.0% / SUPPORT: 지지 조건 미달 34.5% / 필요 95.0% / SUPPORT: 지지 조건 미달 28.6% / 필요 95.0% / SUPPORT: 지지 조건 미달 40.6% / 필요 95.0% / SUPPORT: 지지 조건 미달 35.1% / 필요 95.0% / SUPPORT: 지지 조건 미달 29.6% / 필요 95.0% / SUPPORT: 지지 조건 미달 24.5% / 필요 95.0% / SUPPORT: 지지 조건 미달 40.1% / 필요 95.0% / SUPPORT: 지지 조건 미달 34.2% / 필요 95.0% / SUPPORT: 지지 조건 미달 28.2% / 필요 95.0%","explicit","unverified","{}","{""bounds"":22,""support"":348,""load"":161}","adapter-1.0 / planners-f6ec11d4259a","2.0.0","{""requested"":1,""completed"":1,""outcomes"":[""partial""],""sameWorker"":true}","{""collision"":{""status"":""PASS"",""violations"":0,""checkedPlacements"":11,""scope"":""직육면체 기하·관측 규격 공통 검사"",""reason"":""확정 배치와 최종 적재 상태 검사""},""bounds"":{""status"":""PASS"",""violations"":0,""checkedPlacements"":11,""scope"":""직육면체 기하·관측 규격 공통 검사"",""reason"":""확정 배치와 최종 적재 상태 검사""},""height"":{""status"":""PASS"",""violations"":0,""checkedPlacements"":11,""scope"":""직육면체 기하·관측 규격 공통 검사"",""reason"":""확정 배치와 최종 적재 상태 검사""},""orientation"":{""status"":""PASS"",""violations"":0,""checkedPlacements"":11,""scope"":""직육면체 기하·관측 규격 공통 검사"",""reason"":""확정 배치와 최종 적재 상태 검사""},""load"":{""status"":""PASS"",""violations"":0,""checkedPlacements"":11,""scope"":""입력된 허용 상부하중 · 누적 정적 반력"",""reason"":""입력값 범위의 정적 검사. 실측 재료 인증 아님""},""support"":{""status"":""PASS"",""violations"":0,""checkedPlacements"":11,""scope"":""접촉·합력 작용점·정적 평형"",""reason"":""설정된 지지율·전도 여유 검사. 동적 붕괴·굽힘 파손 미검증""},""payload"":{""status"":""NOT VERIFIED"",""violations"":0,""checkedPlacements"":11,""scope"":""입력 가반하중 · 박스+그리퍼 질량"",""reason"":""로봇 가반하중 검사 비활성 또는 유효한 사양 없음""},""robotCollision"":{""status"":""NOT VERIFIED"",""violations"":0,""checkedPlacements"":11,""scope"":""로봇 검사 비활성"",""reason"":""전체 로봇 링크 충돌 미검증""},""approach"":{""status"":""NOT VERIFIED"",""violations"":0,""checkedPlacements"":11,""scope"":""로봇 검사 비활성"",""reason"":""실제 관절 한계·역기구학·접근 자세 미검증""},""sequence"":{""status"":""NOT VERIFIED"",""violations"":0,""checkedPlacements"":11,""scope"":""로봇 검사 비활성"",""reason"":""실제 파지·관절 궤적·전 과정 실행 미검증""}}","19.917080982142856","61.111111111111114","11","7","0.094458911","896928693","579","","83.64724754696844","52.108946590194385","206.91052631578947","54.101644359831354","100","100","12.779008650250603","70.8","0.619815668202765","0","0","","64.89504166666666","134.47710000000006","124.37398500000039","132.45647700000015","778.7404999999999","91.66666666666667","","","","714","13.637400000000525","19.917080982142856","0","61.111111111111114","","83.64724754696844","","","","","","","","","","","","",""
"random","online","random","47","5","e178d292","partial","SUPPORT: 지지 조건 미달 30.4% / 필요 95.0% · CoG 지지 검사 / 무게 규칙 위반 · Small-05 (3 kg) / 재질 허용 지지하중 초과 · Small-05 (18.00 / 14.40 kg · 종이 / 골판지 입력값) / 누적 무게중심 정적 평형 불가 · Heavy-01 / SUPPORT: 지지 조건 미달 16.2% / 필요 95.0% · CoG 지지 검사 / SUPPORT: 지지 조건 미달 7.4% / 필요 95.0% · CoG 지지 검사 / SUPPORT: 지지 조건 미달 30.1% / 필요 95.0% · CoG 지지 검사 / SUPPORT: 지지 조건 미달 16.1% / 필요 95.0% · CoG 지지 검사 / SUPPORT: 지지 조건 미달 7.3% / 필요 95.0% · CoG 지지 검사 / SUPPORT: 지지 조건 미달 20.3% / 필요 95.0% · CoG 지지 검사 / 무게 규칙 위반 · Wide-02 (12 kg) / SUPPORT: 지지 조건 미달 2.5% / 필요 95.0% · CoG 지지 검사 / SUPPORT: 지지 조건 미달 3.7% / 필요 95.0% · CoG 지지 검사 / SUPPORT: 지지 조건 미달 32.6% / 필요 95.0% · CoG 지지 검사 / SUPPORT: 지지 조건 미달 14.8% / 필요 95.0% · CoG 지지 검사 / SUPPORT: 지지 조건 미달 50.1% / 필요 95.0% · CoG 지지 검사 / SUPPORT: 지지 조건 미달 32.3% / 필요 95.0% · CoG 지지 검사 / SUPPORT: 지지 조건 미달 61.0% / 필요 95.0% · CoG 지지 검사 / SUPPORT: 지지 조건 미달 52.3% / 필요 95.0% · CoG 지지 검사 / SUPPORT: 지지 조건 미달 12.5% / 필요 95.0% · CoG 지지 검사 / SUPPORT: 지지 조건 미달 20.0% / 필요 95.0% · CoG 지지 검사 / SUPPORT: 지지 조건 미달 30.8% / 필요 95.0% · CoG 지지 검사 / SUPPORT: 지지 조건 미달 37.5% / 필요 95.0% · CoG 지지 검사 / SUPPORT: 지지 조건 미달 1.2% / 필요 95.0% · CoG 지지 검사 / SUPPORT: 지지 조건 미달 1.8% / 필요 95.0% · CoG 지지 검사 / SUPPORT: 지지 조건 미달 7.1% / 필요 95.0% · CoG 지지 검사 / SUPPORT: 지지 조건 미달 15.4% / 필요 95.0% · CoG 지지 검사 / SUPPORT: 지지 조건 미달 24.9% / 필요 95.0% · CoG 지지 검사 / SUPPORT: 지지 조건 미달 49.8% / 필요 95.0% · CoG 지지 검사 / 무게 규칙 위반 · Medium-01 (8 kg) / SUPPORT: 지지 조건 미달 27.8% / 필요 95.0% · CoG 지지 검사 / SUPPORT: 지지 조건 미달 34.0% / 필요 95.0% · CoG 지지 검사 / SUPPORT: 지지 조건 미달 70.7% / 필요 95.0% · CoG 지지 검사 / SUPPORT: 지지 조건 미달 49.2% / 필요 95.0% · CoG 지지 검사 / SUPPORT: 지지 조건 미달 64.5% / 필요 95.0% · CoG 지지 검사 / SUPPORT: 지지 조건 미달 61.8% / 필요 95.0% · CoG 지지 검사 / SUPPORT: 지지 조건 미달 57.2% / 필요 95.0% · CoG 지지 검사 / SUPPORT: 지지 조건 미달 39.8% / 필요 95.0% · CoG 지지 검사 / SUPPORT: 지지 조건 미달 36.7% / 필요 95.0% · CoG 지지 검사 / SUPPORT: 지지 조건 미달 35.3% / 필요 95.0% · CoG 지지 검사 / SUPPORT: 지지 조건 미달 20.6% / 필요 95.0% · CoG 지지 검사 / SUPPORT: 지지 조건 미달 25.2% / 필요 95.0% · CoG 지지 검사 / SUPPORT: 지지 조건 미달 36.4% / 필요 95.0% · CoG 지지 검사 / SUPPORT: 지지 조건 미달 47.7% / 필요 95.0% · CoG 지지 검사 / SUPPORT: 지지 조건 미달 29.5% / 필요 95.0% · CoG 지지 검사 / SUPPORT: 지지 조건 미달 27.2% / 필요 95.0% · CoG 지지 검사 / SUPPORT: 지지 조건 미달 26.1% / 필요 95.0% · CoG 지지 검사 / SUPPORT: 지지 조건 미달 16.0% / 필요 95.0% · CoG 지지 검사 / SUPPORT: 지지 조건 미달 19.6% / 필요 95.0% · CoG 지지 검사 / SUPPORT: 지지 조건 미달 28.3% / 필요 95.0% · CoG 지지 검사 / SUPPORT: 지지 조건 미달 37.2% / 필요 95.0% · CoG 지지 검사 / SUPPORT: 지지 조건 미달 22.9% / 필요 95.0% · CoG 지지 검사 / SUPPORT: 지지 조건 미달 21.2% / 필요 95.0% · CoG 지지 검사 / SUPPORT: 지지 조건 미달 17.2% / 필요 95.0% · CoG 지지 검사 / SUPPORT: 지지 조건 미달 24.5% / 필요 95.0% · CoG 지지 검사 / SUPPORT: 지지 조건 미달 21.4% / 필요 95.0% · CoG 지지 검사 / SUPPORT: 지지 조건 미달 19.8% / 필요 95.0% · CoG 지지 검사","explicit","unverified","{}","{""bounds"":32,""support"":152,""load"":93}","adapter-1.0 / planners-f6ec11d4259a","2.0.0","{""requested"":1,""completed"":1,""outcomes"":[""partial""],""sameWorker"":true}","{""collision"":{""status"":""PASS"",""violations"":0,""checkedPlacements"":6,""scope"":""직육면체 기하·관측 규격 공통 검사"",""reason"":""확정 배치와 최종 적재 상태 검사""},""bounds"":{""status"":""PASS"",""violations"":0,""checkedPlacements"":6,""scope"":""직육면체 기하·관측 규격 공통 검사"",""reason"":""확정 배치와 최종 적재 상태 검사""},""height"":{""status"":""PASS"",""violations"":0,""checkedPlacements"":6,""scope"":""직육면체 기하·관측 규격 공통 검사"",""reason"":""확정 배치와 최종 적재 상태 검사""},""orientation"":{""status"":""PASS"",""violations"":0,""checkedPlacements"":6,""scope"":""직육면체 기하·관측 규격 공통 검사"",""reason"":""확정 배치와 최종 적재 상태 검사""},""load"":{""status"":""PASS"",""violations"":0,""checkedPlacements"":6,""scope"":""입력된 허용 상부하중 · 누적 정적 반력"",""reason"":""입력값 범위의 정적 검사. 실측 재료 인증 아님""},""support"":{""status"":""PASS"",""violations"":0,""checkedPlacements"":6,""scope"":""접촉·합력 작용점·정적 평형"",""reason"":""설정된 지지율·전도 여유 검사. 동적 붕괴·굽힘 파손 미검증""},""payload"":{""status"":""NOT VERIFIED"",""violations"":0,""checkedPlacements"":6,""scope"":""입력 가반하중 · 박스+그리퍼 질량"",""reason"":""로봇 가반하중 검사 비활성 또는 유효한 사양 없음""},""robotCollision"":{""status"":""NOT VERIFIED"",""violations"":0,""checkedPlacements"":6,""scope"":""로봇 검사 비활성"",""reason"":""전체 로봇 링크 충돌 미검증""},""approach"":{""status"":""NOT VERIFIED"",""violations"":0,""checkedPlacements"":6,""scope"":""로봇 검사 비활성"",""reason"":""실제 관절 한계·역기구학·접근 자세 미검증""},""sequence"":{""status"":""NOT VERIFIED"",""violations"":0,""checkedPlacements"":6,""scope"":""로봇 검사 비활성"",""reason"":""실제 파지·관절 궤적·전 과정 실행 미검증""}}","9.442370892857141","33.333333333333336","6","12","0.211775664","1014245446","410","","37.41951486847877","37.41951486847877","137.11904761904762","91.22664022434083","100","100","27.22249406728638","70.8","0.9921568627450982","0","0","","3.769085714285601","10.37289999999939","8.637399999999703","10.02579999999945","26.383599999999205","85.71428571428571","","","","378","11.788299999999253","9.442370892857141","0","33.333333333333336","","37.41951486847877","","","","","","","","","","","","",""
"greedy","online","random","48","6","5bf58341","partial","SUPPORT: 지지 조건 미달 51.9% / 필요 95.0% / 무게 규칙 위반 / SUPPORT: 지지 조건 미달 51.4% / 필요 95.0% / 누적 무게중심 정적 평형 불가 / SUPPORT: 지지 조건 미달 13.7% / 필요 95.0% / SUPPORT: 지지 조건 미달 6.2% / 필요 95.0% / SUPPORT: 지지 조건 미달 15.5% / 필요 95.0% / SUPPORT: 지지 조건 미달 9.4% / 필요 95.0% / SUPPORT: 지지 조건 미달 28.4% / 필요 95.0% / SUPPORT: 지지 조건 미달 40.2% / 필요 95.0% / SUPPORT: 지지 조건 미달 50.4% / 필요 95.0% / SUPPORT: 지지 조건 미달 24.9% / 필요 95.0% / SUPPORT: 지지 조건 미달 44.9% / 필요 95.0% / SUPPORT: 지지 조건 미달 26.6% / 필요 95.0% / SUPPORT: 지지 조건 미달 12.5% / 필요 95.0% / SUPPORT: 지지 조건 미달 4.0% / 필요 95.0% / SUPPORT: 지지 조건 미달 14.5% / 필요 95.0% / SUPPORT: 지지 조건 미달 16.3% / 필요 95.0% / SUPPORT: 지지 조건 미달 29.9% / 필요 95.0% / SUPPORT: 지지 조건 미달 26.2% / 필요 95.0% / SUPPORT: 지지 조건 미달 13.2% / 필요 95.0% / SUPPORT: 지지 조건 미달 15.2% / 필요 95.0% / SUPPORT: 지지 조건 미달 17.2% / 필요 95.0% / SUPPORT: 지지 조건 미달 31.4% / 필요 95.0% / SUPPORT: 지지 조건 미달 27.6% / 필요 95.0% / SUPPORT: 지지 조건 미달 13.8% / 필요 95.0% / SUPPORT: 지지 조건 미달 17.3% / 필요 95.0% / SUPPORT: 지지 조건 미달 19.5% / 필요 95.0% / SUPPORT: 지지 조건 미달 35.7% / 필요 95.0% / SUPPORT: 지지 조건 미달 31.3% / 필요 95.0%","explicit","unverified","{}","{""bounds"":62,""support"":329,""load"":197}","adapter-1.0 / planners-f6ec11d4259a","2.0.0","{""requested"":1,""completed"":1,""outcomes"":[""partial""],""sameWorker"":true}","{""collision"":{""status"":""PASS"",""violations"":0,""checkedPlacements"":11,""scope"":""직육면체 기하·관측 규격 공통 검사"",""reason"":""확정 배치와 최종 적재 상태 검사""},""bounds"":{""status"":""PASS"",""violations"":0,""checkedPlacements"":11,""scope"":""직육면체 기하·관측 규격 공통 검사"",""reason"":""확정 배치와 최종 적재 상태 검사""},""height"":{""status"":""PASS"",""violations"":0,""checkedPlacements"":11,""scope"":""직육면체 기하·관측 규격 공통 검사"",""reason"":""확정 배치와 최종 적재 상태 검사""},""orientation"":{""status"":""PASS"",""violations"":0,""checkedPlacements"":11,""scope"":""직육면체 기하·관측 규격 공통 검사"",""reason"":""확정 배치와 최종 적재 상태 검사""},""load"":{""status"":""PASS"",""violations"":0,""checkedPlacements"":11,""scope"":""입력된 허용 상부하중 · 누적 정적 반력"",""reason"":""입력값 범위의 정적 검사. 실측 재료 인증 아님""},""support"":{""status"":""PASS"",""violations"":0,""checkedPlacements"":11,""scope"":""접촉·합력 작용점·정적 평형"",""reason"":""설정된 지지율·전도 여유 검사. 동적 붕괴·굽힘 파손 미검증""},""payload"":{""status"":""NOT VERIFIED"",""violations"":0,""checkedPlacements"":11,""scope"":""입력 가반하중 · 박스+그리퍼 질량"",""reason"":""로봇 가반하중 검사 비활성 또는 유효한 사양 없음""},""robotCollision"":{""status"":""NOT VERIFIED"",""violations"":0,""checkedPlacements"":11,""scope"":""로봇 검사 비활성"",""reason"":""전체 로봇 링크 충돌 미검증""},""approach"":{""status"":""NOT VERIFIED"",""violations"":0,""checkedPlacements"":11,""scope"":""로봇 검사 비활성"",""reason"":""실제 관절 한계·역기구학·접근 자세 미검증""},""sequence"":{""status"":""NOT VERIFIED"",""violations"":0,""checkedPlacements"":11,""scope"":""로봇 검사 비활성"",""reason"":""실제 파지·관절 궤적·전 과정 실행 미검증""}}","17.106426160714285","61.111111111111114","11","7","0.125938245","928408027","603","","100","100","218.12765957446808","181.06145240582404","100","100","41.725028258067454","57.2","0.5860927152317881","0","0","","63.94238333333336","156.70619999999963","147.91422999999986","154.94780599999967","767.3086000000003","91.66666666666667","","","","704","19.889799999999923","17.106426160714285","0","61.111111111111114","","100","","","","","","","","","","","","",""
"random","online","random","48","6","5bf58341","partial","SUPPORT: 지지 조건 미달 33.5% / 필요 95.0% · CoG 지지 검사 / 무게 규칙 위반 · Medium-04 (8 kg) / SUPPORT: 지지 조건 미달 51.9% / 필요 95.0% · CoG 지지 검사 / SUPPORT: 지지 조건 미달 33.2% / 필요 95.0% · CoG 지지 검사 / SUPPORT: 지지 조건 미달 35.9% / 필요 95.0% · CoG 지지 검사 / 누적 무게중심 정적 평형 불가 · Wide-01 / SUPPORT: 지지 조건 미달 27.6% / 필요 95.0% · CoG 지지 검사 / SUPPORT: 지지 조건 미달 47.2% / 필요 95.0% · CoG 지지 검사 / SUPPORT: 지지 조건 미달 46.8% / 필요 95.0% · CoG 지지 검사 / SUPPORT: 지지 조건 미달 51.5% / 필요 95.0% · CoG 지지 검사 / SUPPORT: 지지 조건 미달 46.6% / 필요 95.0% · CoG 지지 검사 / SUPPORT: 지지 조건 미달 46.2% / 필요 95.0% · CoG 지지 검사 / SUPPORT: 지지 조건 미달 32.2% / 필요 95.0% · CoG 지지 검사 / SUPPORT: 지지 조건 미달 24.8% / 필요 95.0% · CoG 지지 검사 / SUPPORT: 지지 조건 미달 45.6% / 필요 95.0% · CoG 지지 검사 / SUPPORT: 지지 조건 미달 45.3% / 필요 95.0% · CoG 지지 검사 / SUPPORT: 지지 조건 미달 31.6% / 필요 95.0% · CoG 지지 검사 / SUPPORT: 지지 조건 미달 24.3% / 필요 95.0% · CoG 지지 검사 / SUPPORT: 지지 조건 미달 44.9% / 필요 95.0% · CoG 지지 검사 / SUPPORT: 지지 조건 미달 31.0% / 필요 95.0% · CoG 지지 검사 / SUPPORT: 지지 조건 미달 23.9% / 필요 95.0% · CoG 지지 검사 / SUPPORT: 지지 조건 미달 39.4% / 필요 95.0% · CoG 지지 검사 / SUPPORT: 지지 조건 미달 27.3% / 필요 95.0% · CoG 지지 검사 / SUPPORT: 지지 조건 미달 21.0% / 필요 95.0% · CoG 지지 검사","explicit","unverified","{}","{""bounds"":61,""support"":367,""load"":144}","adapter-1.0 / planners-f6ec11d4259a","2.0.0","{""requested"":1,""completed"":1,""outcomes"":[""partial""],""sameWorker"":true}","{""collision"":{""status"":""PASS"",""violations"":0,""checkedPlacements"":11,""scope"":""직육면체 기하·관측 규격 공통 검사"",""reason"":""확정 배치와 최종 적재 상태 검사""},""bounds"":{""status"":""PASS"",""violations"":0,""checkedPlacements"":11,""scope"":""직육면체 기하·관측 규격 공통 검사"",""reason"":""확정 배치와 최종 적재 상태 검사""},""height"":{""status"":""PASS"",""violations"":0,""checkedPlacements"":11,""scope"":""직육면체 기하·관측 규격 공통 검사"",""reason"":""확정 배치와 최종 적재 상태 검사""},""orientation"":{""status"":""PASS"",""violations"":0,""checkedPlacements"":11,""scope"":""직육면체 기하·관측 규격 공통 검사"",""reason"":""확정 배치와 최종 적재 상태 검사""},""load"":{""status"":""PASS"",""violations"":0,""checkedPlacements"":11,""scope"":""입력된 허용 상부하중 · 누적 정적 반력"",""reason"":""입력값 범위의 정적 검사. 실측 재료 인증 아님""},""support"":{""status"":""PASS"",""violations"":0,""checkedPlacements"":11,""scope"":""접촉·합력 작용점·정적 평형"",""reason"":""설정된 지지율·전도 여유 검사. 동적 붕괴·굽힘 파손 미검증""},""payload"":{""status"":""NOT VERIFIED"",""violations"":0,""checkedPlacements"":11,""scope"":""입력 가반하중 · 박스+그리퍼 질량"",""reason"":""로봇 가반하중 검사 비활성 또는 유효한 사양 없음""},""robotCollision"":{""status"":""NOT VERIFIED"",""violations"":0,""checkedPlacements"":11,""scope"":""로봇 검사 비활성"",""reason"":""전체 로봇 링크 충돌 미검증""},""approach"":{""status"":""NOT VERIFIED"",""violations"":0,""checkedPlacements"":11,""scope"":""로봇 검사 비활성"",""reason"":""실제 관절 한계·역기구학·접근 자세 미검증""},""sequence"":{""status"":""NOT VERIFIED"",""violations"":0,""checkedPlacements"":11,""scope"":""로봇 검사 비활성"",""reason"":""실제 파지·관절 궤적·전 과정 실행 미검증""}}","17.106426160714285","61.111111111111114","11","7","0.125938245","928408027","589","","100","92.77076804764548","178.70212765957447","115.30512299880313","99.64346666482412","96.07813331306528","25.969027220270284","57.2","0.5978984236627717","0","0","","4.702791666666599","12.548399999999674","10.40977999999977","12.120675999999696","56.433499999999185","91.66666666666667","","","","698","18.024599999999737","17.106426160714285","0","61.111111111111114","","100","","","","","","","","","","","","",""
"greedy","online","random","49","7","f9618f48","partial","누적 무게중심 정적 평형 불가 / SUPPORT: 지지 조건 미달 21.1% / 필요 95.0% / SUPPORT: 지지 조건 미달 25.7% / 필요 95.0% / SUPPORT: 지지 조건 미달 21.2% / 필요 95.0% / SUPPORT: 지지 조건 미달 43.0% / 필요 95.0% / SUPPORT: 지지 조건 미달 36.3% / 필요 95.0% / SUPPORT: 지지 조건 미달 28.3% / 필요 95.0% / SUPPORT: 지지 조건 미달 47.3% / 필요 95.0% / SUPPORT: 지지 조건 미달 39.9% / 필요 95.0% / SUPPORT: 지지 조건 미달 47.2% / 필요 95.0% / SUPPORT: 지지 조건 미달 43.9% / 필요 95.0% / SUPPORT: 지지 조건 미달 73.4% / 필요 95.0% / SUPPORT: 지지 조건 미달 61.9% / 필요 95.0% / SUPPORT: 지지 조건 미달 63.7% / 필요 95.0% / SUPPORT: 지지 조건 미달 63.9% / 필요 95.0% / SUPPORT: 지지 조건 미달 39.0% / 필요 95.0% / SUPPORT: 지지 조건 미달 65.3% / 필요 95.0% / SUPPORT: 지지 조건 미달 55.1% / 필요 95.0% / SUPPORT: 지지 조건 미달 36.5% / 필요 95.0% / SUPPORT: 지지 조건 미달 61.0% / 필요 95.0% / SUPPORT: 지지 조건 미달 51.5% / 필요 95.0% / SUPPORT: 지지 조건 미달 39.1% / 필요 95.0% / SUPPORT: 지지 조건 미달 14.2% / 필요 95.0% / 무게 규칙 위반 / SUPPORT: 지지 조건 미달 23.6% / 필요 95.0% / SUPPORT: 지지 조건 미달 23.2% / 필요 95.0% / SUPPORT: 지지 조건 미달 40.5% / 필요 95.0% / SUPPORT: 지지 조건 미달 44.5% / 필요 95.0% / SUPPORT: 지지 조건 미달 51.9% / 필요 95.0%","explicit","unverified","{}","{""bounds"":4,""support"":130,""load"":88}","adapter-1.0 / planners-f6ec11d4259a","2.0.0","{""requested"":1,""completed"":1,""outcomes"":[""partial""],""sameWorker"":true}","{""collision"":{""status"":""PASS"",""violations"":0,""checkedPlacements"":3,""scope"":""직육면체 기하·관측 규격 공통 검사"",""reason"":""확정 배치와 최종 적재 상태 검사""},""bounds"":{""status"":""PASS"",""violations"":0,""checkedPlacements"":3,""scope"":""직육면체 기하·관측 규격 공통 검사"",""reason"":""확정 배치와 최종 적재 상태 검사""},""height"":{""status"":""PASS"",""violations"":0,""checkedPlacements"":3,""scope"":""직육면체 기하·관측 규격 공통 검사"",""reason"":""확정 배치와 최종 적재 상태 검사""},""orientation"":{""status"":""PASS"",""violations"":0,""checkedPlacements"":3,""scope"":""직육면체 기하·관측 규격 공통 검사"",""reason"":""확정 배치와 최종 적재 상태 검사""},""load"":{""status"":""PASS"",""violations"":0,""checkedPlacements"":3,""scope"":""입력된 허용 상부하중 · 누적 정적 반력"",""reason"":""입력값 범위의 정적 검사. 실측 재료 인증 아님""},""support"":{""status"":""PASS"",""violations"":0,""checkedPlacements"":3,""scope"":""접촉·합력 작용점·정적 평형"",""reason"":""설정된 지지율·전도 여유 검사. 동적 붕괴·굽힘 파손 미검증""},""payload"":{""status"":""NOT VERIFIED"",""violations"":0,""checkedPlacements"":3,""scope"":""입력 가반하중 · 박스+그리퍼 질량"",""reason"":""로봇 가반하중 검사 비활성 또는 유효한 사양 없음""},""robotCollision"":{""status"":""NOT VERIFIED"",""violations"":0,""checkedPlacements"":3,""scope"":""로봇 검사 비활성"",""reason"":""전체 로봇 링크 충돌 미검증""},""approach"":{""status"":""NOT VERIFIED"",""violations"":0,""checkedPlacements"":3,""scope"":""로봇 검사 비활성"",""reason"":""실제 관절 한계·역기구학·접근 자세 미검증""},""sequence"":{""status"":""NOT VERIFIED"",""violations"":0,""checkedPlacements"":3,""scope"":""로봇 검사 비활성"",""reason"":""실제 파지·관절 궤적·전 과정 실행 미검증""}}","4.382079196428571","16.666666666666668","3","15","0.268450931","1070920713","217","","70.88002989670245","63.4502016876059","93.29310344827586","83.90836403655669","100","100","27.191219720032205","70.8","1.1721854304635762","0","0","","20.555049999999937","39.477100000000064","37.96192000000005","39.17406400000006","82.22019999999975","75","","","","202","5.679500000000189","4.382079196428571","0","16.666666666666668","","70.88002989670245","","","","","","","","","","","","",""
"random","online","random","49","7","f9618f48","partial","누적 무게중심 정적 평형 불가 · Long-01 / SUPPORT: 지지 조건 미달 45.3% / 필요 95.0% · CoG 지지 검사 / 무게 규칙 위반 · Small-02 (3 kg) / SUPPORT: 지지 조건 미달 35.5% / 필요 95.0% · CoG 지지 검사 / SUPPORT: 지지 조건 미달 52.0% / 필요 95.0% · CoG 지지 검사 / SUPPORT: 지지 조건 미달 42.2% / 필요 95.0% · CoG 지지 검사 / SUPPORT: 지지 조건 미달 54.7% / 필요 95.0% · CoG 지지 검사 / SUPPORT: 지지 조건 미달 44.9% / 필요 95.0% · CoG 지지 검사 / SUPPORT: 지지 조건 미달 42.5% / 필요 95.0% · CoG 지지 검사 / SUPPORT: 지지 조건 미달 29.1% / 필요 95.0% · CoG 지지 검사 / SUPPORT: 지지 조건 미달 43.0% / 필요 95.0% · CoG 지지 검사 / SUPPORT: 지지 조건 미달 36.6% / 필요 95.0% · CoG 지지 검사 / SUPPORT: 지지 조건 미달 33.7% / 필요 95.0% · CoG 지지 검사 / SUPPORT: 지지 조건 미달 49.7% / 필요 95.0% · CoG 지지 검사 / SUPPORT: 지지 조건 미달 42.4% / 필요 95.0% · CoG 지지 검사 / SUPPORT: 지지 조건 미달 31.2% / 필요 95.0% · CoG 지지 검사 / SUPPORT: 지지 조건 미달 28.3% / 필요 95.0% · CoG 지지 검사 / SUPPORT: 지지 조건 미달 58.7% / 필요 95.0% · CoG 지지 검사 / SUPPORT: 지지 조건 미달 53.2% / 필요 95.0% · CoG 지지 검사 / SUPPORT: 지지 조건 미달 66.6% / 필요 95.0% · CoG 지지 검사 / SUPPORT: 지지 조건 미달 60.3% / 필요 95.0% · CoG 지지 검사 / SUPPORT: 지지 조건 미달 57.3% / 필요 95.0% · CoG 지지 검사 / SUPPORT: 지지 조건 미달 51.9% / 필요 95.0% · CoG 지지 검사 / SUPPORT: 지지 조건 미달 24.2% / 필요 95.0% · CoG 지지 검사 / SUPPORT: 지지 조건 미달 30.5% / 필요 95.0% · CoG 지지 검사 / SUPPORT: 지지 조건 미달 36.8% / 필요 95.0% · CoG 지지 검사 / SUPPORT: 지지 조건 미달 39.8% / 필요 95.0% · CoG 지지 검사 / SUPPORT: 지지 조건 미달 46.6% / 필요 95.0% · CoG 지지 검사","explicit","unverified","{}","{""bounds"":76,""support"":123,""load"":39}","adapter-1.0 / planners-f6ec11d4259a","2.0.0","{""requested"":1,""completed"":1,""outcomes"":[""partial""],""sameWorker"":true}","{""collision"":{""status"":""PASS"",""violations"":0,""checkedPlacements"":5,""scope"":""직육면체 기하·관측 규격 공통 검사"",""reason"":""확정 배치와 최종 적재 상태 검사""},""bounds"":{""status"":""PASS"",""violations"":0,""checkedPlacements"":5,""scope"":""직육면체 기하·관측 규격 공통 검사"",""reason"":""확정 배치와 최종 적재 상태 검사""},""height"":{""status"":""PASS"",""violations"":0,""checkedPlacements"":5,""scope"":""직육면체 기하·관측 규격 공통 검사"",""reason"":""확정 배치와 최종 적재 상태 검사""},""orientation"":{""status"":""PASS"",""violations"":0,""checkedPlacements"":5,""scope"":""직육면체 기하·관측 규격 공통 검사"",""reason"":""확정 배치와 최종 적재 상태 검사""},""load"":{""status"":""PASS"",""violations"":0,""checkedPlacements"":5,""scope"":""입력된 허용 상부하중 · 누적 정적 반력"",""reason"":""입력값 범위의 정적 검사. 실측 재료 인증 아님""},""support"":{""status"":""PASS"",""violations"":0,""checkedPlacements"":5,""scope"":""접촉·합력 작용점·정적 평형"",""reason"":""설정된 지지율·전도 여유 검사. 동적 붕괴·굽힘 파손 미검증""},""payload"":{""status"":""NOT VERIFIED"",""violations"":0,""checkedPlacements"":5,""scope"":""입력 가반하중 · 박스+그리퍼 질량"",""reason"":""로봇 가반하중 검사 비활성 또는 유효한 사양 없음""},""robotCollision"":{""status"":""NOT VERIFIED"",""violations"":0,""checkedPlacements"":5,""scope"":""로봇 검사 비활성"",""reason"":""전체 로봇 링크 충돌 미검증""},""approach"":{""status"":""NOT VERIFIED"",""violations"":0,""checkedPlacements"":5,""scope"":""로봇 검사 비활성"",""reason"":""실제 관절 한계·역기구학·접근 자세 미검증""},""sequence"":{""status"":""NOT VERIFIED"",""violations"":0,""checkedPlacements"":5,""scope"":""로봇 검사 비활성"",""reason"":""실제 파지·관절 궤적·전 과정 실행 미검증""}}","7.960548303571429","27.77777777777778","5","13","0.228372077","1030841859","217","","93.8280269385837","77.80272456553502","92.95454545454545","59.819153245773386","100","100","23.00864409890012","70.8","1.1721854304635762","0","0","","2.6679500000001704","7.529400000000351","6.359975000000304","7.295515000000342","16.007700000001023","83.33333333333333","","","","314","9.641699999999219","7.960548303571429","0","27.77777777777778","","93.8280269385837","","","","","","","","","","","","",""
"greedy","online","random","50","8","3c6dc96e","partial","SUPPORT: 지지 조건 미달 28.1% / 필요 95.0% / 무게 규칙 위반 / 누적 무게중심 정적 평형 불가 / SUPPORT: 지지 조건 미달 27.1% / 필요 95.0% / SUPPORT: 지지 조건 미달 38.7% / 필요 95.0% / SUPPORT: 지지 조건 미달 47.2% / 필요 95.0% / SUPPORT: 지지 조건 미달 26.8% / 필요 95.0% / SUPPORT: 지지 조건 미달 32.5% / 필요 95.0% / SUPPORT: 지지 조건 미달 29.7% / 필요 95.0% / SUPPORT: 지지 조건 미달 42.3% / 필요 95.0% / SUPPORT: 지지 조건 미달 51.6% / 필요 95.0% / SUPPORT: 지지 조건 미달 29.3% / 필요 95.0% / SUPPORT: 지지 조건 미달 39.9% / 필요 95.0% / SUPPORT: 지지 조건 미달 33.9% / 필요 95.0% / SUPPORT: 지지 조건 미달 48.3% / 필요 95.0% / SUPPORT: 지지 조건 미달 58.9% / 필요 95.0% / SUPPORT: 지지 조건 미달 33.5% / 필요 95.0% / SUPPORT: 지지 조건 미달 36.9% / 필요 95.0% / SUPPORT: 지지 조건 미달 52.6% / 필요 95.0% / SUPPORT: 지지 조건 미달 64.1% / 필요 95.0% / SUPPORT: 지지 조건 미달 36.5% / 필요 95.0% / SUPPORT: 지지 조건 미달 55.9% / 필요 95.0% / SUPPORT: 지지 조건 미달 28.3% / 필요 95.0% / SUPPORT: 지지 조건 미달 40.4% / 필요 95.0% / SUPPORT: 지지 조건 미달 49.2% / 필요 95.0% / SUPPORT: 지지 조건 미달 28.0% / 필요 95.0% / SUPPORT: 지지 조건 미달 40.1% / 필요 95.0% / SUPPORT: 지지 조건 미달 23.0% / 필요 95.0% / SUPPORT: 지지 조건 미달 32.8% / 필요 95.0%","explicit","unverified","{}","{""bounds"":34,""support"":192,""load"":116}","adapter-1.0 / planners-f6ec11d4259a","2.0.0","{""requested"":1,""completed"":1,""outcomes"":[""partial""],""sameWorker"":true}","{""collision"":{""status"":""PASS"",""violations"":0,""checkedPlacements"":8,""scope"":""직육면체 기하·관측 규격 공통 검사"",""reason"":""확정 배치와 최종 적재 상태 검사""},""bounds"":{""status"":""PASS"",""violations"":0,""checkedPlacements"":8,""scope"":""직육면체 기하·관측 규격 공통 검사"",""reason"":""확정 배치와 최종 적재 상태 검사""},""height"":{""status"":""PASS"",""violations"":0,""checkedPlacements"":8,""scope"":""직육면체 기하·관측 규격 공통 검사"",""reason"":""확정 배치와 최종 적재 상태 검사""},""orientation"":{""status"":""PASS"",""violations"":0,""checkedPlacements"":8,""scope"":""직육면체 기하·관측 규격 공통 검사"",""reason"":""확정 배치와 최종 적재 상태 검사""},""load"":{""status"":""PASS"",""violations"":0,""checkedPlacements"":8,""scope"":""입력된 허용 상부하중 · 누적 정적 반력"",""reason"":""입력값 범위의 정적 검사. 실측 재료 인증 아님""},""support"":{""status"":""PASS"",""violations"":0,""checkedPlacements"":8,""scope"":""접촉·합력 작용점·정적 평형"",""reason"":""설정된 지지율·전도 여유 검사. 동적 붕괴·굽힘 파손 미검증""},""payload"":{""status"":""NOT VERIFIED"",""violations"":0,""checkedPlacements"":8,""scope"":""입력 가반하중 · 박스+그리퍼 질량"",""reason"":""로봇 가반하중 검사 비활성 또는 유효한 사양 없음""},""robotCollision"":{""status"":""NOT VERIFIED"",""violations"":0,""checkedPlacements"":8,""scope"":""로봇 검사 비활성"",""reason"":""전체 로봇 링크 충돌 미검증""},""approach"":{""status"":""NOT VERIFIED"",""violations"":0,""checkedPlacements"":8,""scope"":""로봇 검사 비활성"",""reason"":""실제 관절 한계·역기구학·접근 자세 미검증""},""sequence"":{""status"":""NOT VERIFIED"",""violations"":0,""checkedPlacements"":8,""scope"":""로봇 검사 비활성"",""reason"":""실제 파지·관절 궤적·전 과정 실행 미검증""}}","10.869669464285714","44.44444444444444","8","10","0.19578992","998259702","386","","86.54854665233273","71.72084314275847","136.41489361702128","109.19096283516774","100","100","31.168917390015118","57.2","0.9404145077720207","0","0","","57.002866666666705","136.77139999999963","121.18907999999973","133.65493599999965","513.0258000000003","88.88888888888889","","","","522","20.307999999999993","10.869669464285714","0","44.44444444444444","","86.54854665233273","","","","","","","","","","","","",""
"random","online","random","50","8","3c6dc96e","partial","SUPPORT: 지지 조건 미달 46.0% / 필요 95.0% · CoG 지지 검사 / 무게 규칙 위반 · Long-01 (6 kg) / SUPPORT: 지지 조건 미달 40.9% / 필요 95.0% · CoG 지지 검사 / SUPPORT: 지지 조건 미달 30.1% / 필요 95.0% · CoG 지지 검사 / 무게 규칙 위반 · Small-05 (3 kg) / 재질 허용 지지하중 초과 · Small-05 (18.00 / 14.40 kg · 종이 / 골판지 입력값) / 누적 무게중심 정적 평형 불가 · Heavy-02 / SUPPORT: 지지 조건 미달 24.3% / 필요 95.0% · CoG 지지 검사 / SUPPORT: 지지 조건 미달 0.4% / 필요 95.0% · CoG 지지 검사 / SUPPORT: 지지 조건 미달 30.4% / 필요 95.0% · CoG 지지 검사 / SUPPORT: 지지 조건 미달 24.6% / 필요 95.0% · CoG 지지 검사 / SUPPORT: 지지 조건 미달 87.1% / 필요 95.0% · CoG 지지 검사 / 무게 규칙 위반 · Wide-03 (12 kg) / SUPPORT: 지지 조건 미달 76.7% / 필요 95.0% · CoG 지지 검사 / SUPPORT: 지지 조건 미달 68.8% / 필요 95.0% · CoG 지지 검사 / SUPPORT: 지지 조건 미달 34.3% / 필요 95.0% · CoG 지지 검사 / 무게 규칙 위반 · Wide-02 (12 kg) / SUPPORT: 지지 조건 미달 45.0% / 필요 95.0% · CoG 지지 검사 / SUPPORT: 지지 조건 미달 11.9% / 필요 95.0% · CoG 지지 검사 / SUPPORT: 지지 조건 미달 39.8% / 필요 95.0% · CoG 지지 검사 / SUPPORT: 지지 조건 미달 43.1% / 필요 95.0% · CoG 지지 검사 / SUPPORT: 지지 조건 미달 53.4% / 필요 95.0% · CoG 지지 검사 / SUPPORT: 지지 조건 미달 67.4% / 필요 95.0% · CoG 지지 검사 / SUPPORT: 지지 조건 미달 46.4% / 필요 95.0% · CoG 지지 검사 / SUPPORT: 지지 조건 미달 30.3% / 필요 95.0% · CoG 지지 검사 / SUPPORT: 지지 조건 미달 8.0% / 필요 95.0% · CoG 지지 검사 / SUPPORT: 지지 조건 미달 29.0% / 필요 95.0% · CoG 지지 검사 / SUPPORT: 지지 조건 미달 36.0% / 필요 95.0% · CoG 지지 검사 / SUPPORT: 지지 조건 미달 73.9% / 필요 95.0% · CoG 지지 검사 / SUPPORT: 지지 조건 미달 63.3% / 필요 95.0% · CoG 지지 검사","explicit","unverified","{}","{""bounds"":76,""support"":197,""load"":95,""protocol"":6}","adapter-1.0 / planners-f6ec11d4259a","2.0.0","{""requested"":1,""completed"":1,""outcomes"":[""partial""],""sameWorker"":true}","{""collision"":{""status"":""PASS"",""violations"":0,""checkedPlacements"":8,""scope"":""직육면체 기하·관측 규격 공통 검사"",""reason"":""확정 배치와 최종 적재 상태 검사""},""bounds"":{""status"":""PASS"",""violations"":0,""checkedPlacements"":8,""scope"":""직육면체 기하·관측 규격 공통 검사"",""reason"":""확정 배치와 최종 적재 상태 검사""},""height"":{""status"":""PASS"",""violations"":0,""checkedPlacements"":8,""scope"":""직육면체 기하·관측 규격 공통 검사"",""reason"":""확정 배치와 최종 적재 상태 검사""},""orientation"":{""status"":""PASS"",""violations"":0,""checkedPlacements"":8,""scope"":""직육면체 기하·관측 규격 공통 검사"",""reason"":""확정 배치와 최종 적재 상태 검사""},""load"":{""status"":""PASS"",""violations"":0,""checkedPlacements"":8,""scope"":""입력된 허용 상부하중 · 누적 정적 반력"",""reason"":""입력값 범위의 정적 검사. 실측 재료 인증 아님""},""support"":{""status"":""PASS"",""violations"":0,""checkedPlacements"":8,""scope"":""접촉·합력 작용점·정적 평형"",""reason"":""설정된 지지율·전도 여유 검사. 동적 붕괴·굽힘 파손 미검증""},""payload"":{""status"":""NOT VERIFIED"",""violations"":0,""checkedPlacements"":8,""scope"":""입력 가반하중 · 박스+그리퍼 질량"",""reason"":""로봇 가반하중 검사 비활성 또는 유효한 사양 없음""},""robotCollision"":{""status"":""NOT VERIFIED"",""violations"":0,""checkedPlacements"":8,""scope"":""로봇 검사 비활성"",""reason"":""전체 로봇 링크 충돌 미검증""},""approach"":{""status"":""NOT VERIFIED"",""violations"":0,""checkedPlacements"":8,""scope"":""로봇 검사 비활성"",""reason"":""실제 관절 한계·역기구학·접근 자세 미검증""},""sequence"":{""status"":""NOT VERIFIED"",""violations"":0,""checkedPlacements"":8,""scope"":""로봇 검사 비활성"",""reason"":""실제 파지·관절 궤적·전 과정 실행 미검증""}}","10.869669464285714","44.44444444444444","8","10","0.19578992","998259702","577","","86.54854665233273","65.95134372926256","136.77659574468086","104.52510577144788","100","100","26.56049777535508","57.2","0.5026525198938993","0","0","","6.165611111110997","12.764800000000832","11.946280000000478","12.601096000000762","55.490499999998974","88.88888888888889","","","","506","21.552699999999277","10.869669464285714","0","44.44444444444444","","86.54854665233273","","","","","","","","","","","","",""
"greedy","online","random","51","9","fd47758f","partial","SUPPORT: 지지 조건 미달 47.1% / 필요 95.0% / 무게 규칙 위반 / 누적 무게중심 정적 평형 불가 / SUPPORT: 지지 조건 미달 7.4% / 필요 95.0% / SUPPORT: 지지 조건 미달 4.8% / 필요 95.0% / SUPPORT: 지지 조건 미달 11.7% / 필요 95.0% / SUPPORT: 지지 조건 미달 15.8% / 필요 95.0% / SUPPORT: 지지 조건 미달 13.8% / 필요 95.0% / SUPPORT: 지지 조건 미달 21.1% / 필요 95.0% / SUPPORT: 지지 조건 미달 15.7% / 필요 95.0% / SUPPORT: 지지 조건 미달 16.1% / 필요 95.0% / SUPPORT: 지지 조건 미달 40.2% / 필요 95.0% / SUPPORT: 지지 조건 미달 41.1% / 필요 95.0% / SUPPORT: 지지 조건 미달 13.2% / 필요 95.0% / SUPPORT: 지지 조건 미달 9.7% / 필요 95.0% / SUPPORT: 지지 조건 미달 7.8% / 필요 95.0% / SUPPORT: 지지 조건 미달 19.5% / 필요 95.0% / SUPPORT: 지지 조건 미달 10.5% / 필요 95.0% / SUPPORT: 지지 조건 미달 5.6% / 필요 95.0% / SUPPORT: 지지 조건 미달 8.7% / 필요 95.0% / SUPPORT: 지지 조건 미달 5.1% / 필요 95.0% / SUPPORT: 지지 조건 미달 13.7% / 필요 95.0% / SUPPORT: 지지 조건 미달 16.8% / 필요 95.0% / SUPPORT: 지지 조건 미달 16.2% / 필요 95.0% / SUPPORT: 지지 조건 미달 22.5% / 필요 95.0% / SUPPORT: 지지 조건 미달 18.4% / 필요 95.0% / SUPPORT: 지지 조건 미달 18.8% / 필요 95.0% / SUPPORT: 지지 조건 미달 42.8% / 필요 95.0% / SUPPORT: 지지 조건 미달 43.8% / 필요 95.0% / SUPPORT: 지지 조건 미달 15.4% / 필요 95.0% / SUPPORT: 지지 조건 미달 11.3% / 필요 95.0% / SUPPORT: 지지 조건 미달 9.1% / 필요 95.0% / SUPPORT: 지지 조건 미달 20.7% / 필요 95.0% / SUPPORT: 지지 조건 미달 11.2% / 필요 95.0% / SUPPORT: 지지 조건 미달 6.0% / 필요 95.0% / SUPPORT: 지지 조건 미달 9.0% / 필요 95.0% / SUPPORT: 지지 조건 미달 14.2% / 필요 95.0% / SUPPORT: 지지 조건 미달 16.7% / 필요 95.0% / SUPPORT: 지지 조건 미달 19.0% / 필요 95.0% / SUPPORT: 지지 조건 미달 19.4% / 필요 95.0%","explicit","unverified","{}","{""bounds"":74,""support"":338,""load"":227,""protocol"":47}","adapter-1.0 / planners-f6ec11d4259a","2.0.0","{""requested"":1,""completed"":1,""outcomes"":[""partial""],""sameWorker"":true}","{""collision"":{""status"":""PASS"",""violations"":0,""checkedPlacements"":13,""scope"":""직육면체 기하·관측 규격 공통 검사"",""reason"":""확정 배치와 최종 적재 상태 검사""},""bounds"":{""status"":""PASS"",""violations"":0,""checkedPlacements"":13,""scope"":""직육면체 기하·관측 규격 공통 검사"",""reason"":""확정 배치와 최종 적재 상태 검사""},""height"":{""status"":""PASS"",""violations"":0,""checkedPlacements"":13,""scope"":""직육면체 기하·관측 규격 공통 검사"",""reason"":""확정 배치와 최종 적재 상태 검사""},""orientation"":{""status"":""PASS"",""violations"":0,""checkedPlacements"":13,""scope"":""직육면체 기하·관측 규격 공통 검사"",""reason"":""확정 배치와 최종 적재 상태 검사""},""load"":{""status"":""PASS"",""violations"":0,""checkedPlacements"":13,""scope"":""입력된 허용 상부하중 · 누적 정적 반력"",""reason"":""입력값 범위의 정적 검사. 실측 재료 인증 아님""},""support"":{""status"":""PASS"",""violations"":0,""checkedPlacements"":13,""scope"":""접촉·합력 작용점·정적 평형"",""reason"":""설정된 지지율·전도 여유 검사. 동적 붕괴·굽힘 파손 미검증""},""payload"":{""status"":""NOT VERIFIED"",""violations"":0,""checkedPlacements"":13,""scope"":""입력 가반하중 · 박스+그리퍼 질량"",""reason"":""로봇 가반하중 검사 비활성 또는 유효한 사양 없음""},""robotCollision"":{""status"":""NOT VERIFIED"",""violations"":0,""checkedPlacements"":13,""scope"":""로봇 검사 비활성"",""reason"":""전체 로봇 링크 충돌 미검증""},""approach"":{""status"":""NOT VERIFIED"",""violations"":0,""checkedPlacements"":13,""scope"":""로봇 검사 비활성"",""reason"":""실제 관절 한계·역기구학·접근 자세 미검증""},""sequence"":{""status"":""NOT VERIFIED"",""violations"":0,""checkedPlacements"":13,""scope"":""로봇 검사 비활성"",""reason"":""실제 파지·관절 궤적·전 과정 실행 미검증""}}","18.492092410714285","72.22222222222223","13","5","0.110418783","912888565","997","","69.57541574350213","60.87575499622871","252.42134831460675","94.54149782641062","99.65524671407024","95.51820728291317","21.34562617452771","57.2","0.4595490716180371","0","0","","72.88477142857118","162.57690000000002","140.67176999999987","158.19587399999998","1020.3867999999966","92.85714285714286","","","","840","12.146600000000035","18.492092410714285","0","72.22222222222223","","69.57541574350213","","","","","","","","","","","","",""
"random","online","random","51","9","fd47758f","partial","누적 무게중심 정적 평형 불가 · Heavy-02 / SUPPORT: 지지 조건 미달 15.6% / 필요 95.0% · CoG 지지 검사 / 무게 규칙 위반 · Small-01 (3 kg) / 재질 허용 지지하중 초과 · Small-02 (21.00 / 14.40 kg · 종이 / 골판지 입력값) / SUPPORT: 지지 조건 미달 24.7% / 필요 95.0% · CoG 지지 검사 / SUPPORT: 지지 조건 미달 25.4% / 필요 95.0% · CoG 지지 검사 / SUPPORT: 지지 조건 미달 18.7% / 필요 95.0% · CoG 지지 검사 / SUPPORT: 지지 조건 미달 29.5% / 필요 95.0% · CoG 지지 검사 / SUPPORT: 지지 조건 미달 30.4% / 필요 95.0% · CoG 지지 검사 / 무게 규칙 위반 · Small-03 (3 kg) / 재질 허용 지지하중 초과 · Small-03 (18.00 / 14.40 kg · 종이 / 골판지 입력값) / SUPPORT: 지지 조건 미달 16.4% / 필요 95.0% · CoG 지지 검사 / SUPPORT: 지지 조건 미달 22.0% / 필요 95.0% · CoG 지지 검사 / SUPPORT: 지지 조건 미달 24.2% / 필요 95.0% · CoG 지지 검사 / SUPPORT: 지지 조건 미달 23.3% / 필요 95.0% · CoG 지지 검사 / SUPPORT: 지지 조건 미달 12.8% / 필요 95.0% · CoG 지지 검사 / SUPPORT: 지지 조건 미달 17.1% / 필요 95.0% · CoG 지지 검사 / SUPPORT: 지지 조건 미달 23.0% / 필요 95.0% · CoG 지지 검사 / SUPPORT: 지지 조건 미달 23.7% / 필요 95.0% · CoG 지지 검사 / SUPPORT: 지지 조건 미달 18.8% / 필요 95.0% · CoG 지지 검사 / SUPPORT: 지지 조건 미달 18.2% / 필요 95.0% · CoG 지지 검사 / SUPPORT: 지지 조건 미달 12.5% / 필요 95.0% · CoG 지지 검사 / SUPPORT: 지지 조건 미달 2.8% / 필요 95.0% · CoG 지지 검사 / SUPPORT: 지지 조건 미달 19.7% / 필요 95.0% · CoG 지지 검사 / SUPPORT: 지지 조건 미달 20.3% / 필요 95.0% · CoG 지지 검사","explicit","unverified","{}","{""bounds"":48,""support"":269,""load"":161,""protocol"":28}","adapter-1.0 / planners-f6ec11d4259a","2.0.0","{""requested"":1,""completed"":1,""outcomes"":[""partial""],""sameWorker"":true}","{""collision"":{""status"":""PASS"",""violations"":0,""checkedPlacements"":11,""scope"":""직육면체 기하·관측 규격 공통 검사"",""reason"":""확정 배치와 최종 적재 상태 검사""},""bounds"":{""status"":""PASS"",""violations"":0,""checkedPlacements"":11,""scope"":""직육면체 기하·관측 규격 공통 검사"",""reason"":""확정 배치와 최종 적재 상태 검사""},""height"":{""status"":""PASS"",""violations"":0,""checkedPlacements"":11,""scope"":""직육면체 기하·관측 규격 공통 검사"",""reason"":""확정 배치와 최종 적재 상태 검사""},""orientation"":{""status"":""PASS"",""violations"":0,""checkedPlacements"":11,""scope"":""직육면체 기하·관측 규격 공통 검사"",""reason"":""확정 배치와 최종 적재 상태 검사""},""load"":{""status"":""PASS"",""violations"":0,""checkedPlacements"":11,""scope"":""입력된 허용 상부하중 · 누적 정적 반력"",""reason"":""입력값 범위의 정적 검사. 실측 재료 인증 아님""},""support"":{""status"":""PASS"",""violations"":0,""checkedPlacements"":11,""scope"":""접촉·합력 작용점·정적 평형"",""reason"":""설정된 지지율·전도 여유 검사. 동적 붕괴·굽힘 파손 미검증""},""payload"":{""status"":""NOT VERIFIED"",""violations"":0,""checkedPlacements"":11,""scope"":""입력 가반하중 · 박스+그리퍼 질량"",""reason"":""로봇 가반하중 검사 비활성 또는 유효한 사양 없음""},""robotCollision"":{""status"":""NOT VERIFIED"",""violations"":0,""checkedPlacements"":11,""scope"":""로봇 검사 비활성"",""reason"":""전체 로봇 링크 충돌 미검증""},""approach"":{""status"":""NOT VERIFIED"",""violations"":0,""checkedPlacements"":11,""scope"":""로봇 검사 비활성"",""reason"":""실제 관절 한계·역기구학·접근 자세 미검증""},""sequence"":{""status"":""NOT VERIFIED"",""violations"":0,""checkedPlacements"":11,""scope"":""로봇 검사 비활성"",""reason"":""실제 파지·관절 궤적·전 과정 실행 미검증""}}","14.642166875000001","61.111111111111114","11","7","0.153537949","956007731","426","","10.186683530895344","5.093341765447672","148.97619047619048","21.191757288425332","99.71463514064409","96.8609865470852","11.696937747999973","57.2","0.5860927152317881","0","0","","6.357000000000123","14.64089999999851","12.497989999999934","14.212317999998797","76.28400000000147","91.66666666666667","","","","689","20.263100000000122","14.642166875000001","0","61.111111111111114","","10.186683530895344","","","","","","","","","","","","",""