rank,algorithm,name,score_100,identical_score,mixed_score,completion_percent,utilization_percent,mean_count,mean_work_seconds,mean_trial_p95_ms
"1","greedy","제약 기반 평가 · Greedy","87.69222869724634","98.88005195133603","76.50440544315666","85","18.365307169642858","12.3","116.24626334436743","154.64249800000294"
"2","future-hybrid","Future-Aware Hybrid","85.64690477592272","98.85235888548928","72.44145066635619","82.22222222222221","17.53774728571429","11.8","113.43904193155223","389.98664649999944"
"3","rollout","남은 박스 고려 · Rollout","82.77893319863956","98.88005195133603","66.67781444594311","78.33333333333333","16.50835511607143","11.1","104.08369895433634","597.1211254999996"
"4","dynamic-reservation","Dynamic Reservation","81.63822996260328","98.85235888548928","64.42410103971727","76.66666666666666","16.038642142857146","10.8","101.78109710927667","328.68009200000097"
"5","tetris-reserved","Tetris Reserved Slot","78.9867534442698","99.00652529337589","58.96698159516374","72.77777777777777","15.038703098214288","10.1","88.17097157781345","347.86436549999695"
"6","pack-robust","Robust Beam · Future-aware","78.56130925790461","98.98685507716876","58.135763438640446","72.22222222222223","14.920170142857142","10","87.95201403931989","938.9026670000003"
"6","pack-beam","Beam · Future-aware","78.5583412816172","98.98685507716876","58.12982748606563","72.22222222222223","14.920170142857142","10","88.05589320937929","944.1419784999958"
"8","blb","Bottom-Left-Back","78.46257534072298","99.038670617636","57.886480063809984","72.22222222222221","14.73407155357143","10","86.46292709429558","14.262343500001458"
"9","random","무작위 배치","78.2574289725074","98.36944313008523","58.14541481492959","72.22222222222223","14.920170142857142","10","90.37553508945356","14.660913500001962"
"10","bl","기본 배치 · 잔량 검사","78.03049791928257","99.038670617636","57.02232522092912","71.66666666666667","14.615538598214286","9.9","85.3657295248915","35.13404599999972"
"11","pack-first","First Fit","76.55184859848143","99.038670617636","54.065026579326855","70","13.82855057142857","9.6","82.8654437553644","9.251901000001268"
"12","pack-greedy","Greedy · 포장 후보","75.57643784197242","99.03259254017716","52.120283143767686","68.33333333333333","13.671301508928574","9.3","80.10611914389304","8.791987999997655"
"12","pack-tetris","3D Tetris · 포장 휴리스틱","75.57643784197242","99.03259254017716","52.120283143767686","68.33333333333333","13.671301508928574","9.3","80.10611914389304","8.727127999998665"
"14","lookahead","Lookahead","75.07353016820277","98.85235888548928","51.29470145091625","68.33333333333334","13.292978723214285","9.3","85.66866654589796","159.63459449999962"
"15","macs","MACS","71.12028362112844","98.85235888548928","43.38820835676759","63.333333333333336","11.6567205","8.4","77.70332419934908","13.344015500000939"
"15","strategy-greedy","Greedy · 현재 박스만","71.12015807322592","98.85235888548928","43.38795726096258","63.333333333333336","11.6567205","8.4","77.70727895827797","11.573173999995891"
"17","hrpal-inferred","Conventional Pattern-Based Palletizing (HRPal-style Baseline)","66.22271028154111","99.038670617636","33.4067499454462","58.88888888888888","10.977529464285713","7.6","70.85451803450455","10.13068550000099"
"18","hrpal-grid-v1","Legacy Grid Baseline (v1)","64.72261979725353","99.038670617636","30.40656897687105","56.666666666666664","10.515648857142855","7.2","66.54448853447535","9.991646999998014"