episode,algorithm,seed,total,placed,failed,unprocessed,utilization,occupied_mm3,height_mm,com_x,com_y,com_z,avg_support,stability_violations,total_ms,avg_ms,max_ms,replans,avg_future,min_future,future_dead_ends,FPL,reserved_slots,reservation_changes
"0","strategy-greedy","42","18","4","1","13","0.06159328571428571","68984480","217","396.4864864864865","401.0135135135135","96.58108108108108","1","0","83.2704","16.65408","27.576200000000085","0","","","0","0","0","0"
"0","macs","42","18","4","1","13","0.06159328571428571","68984480","217","396.4864864864865","401.0135135135135","96.58108108108108","1","0","46.73560000000009","9.347120000000018","14.008199999999988","0","","","0","0","0","0"
"0","tetris-reserved","42","18","6","1","11","0.09737797678571429","109063334","217","497.25","395.1730769230769","95.34615384615384","1","0","798.7859","114.11227142857142","286.09820000000013","0","4.142857142857143","0","0","0.5829755736491488","1","3"
"0","dynamic-reservation","42","18","14","1","3","0.22167613392857144","248277270","1045","540.8238095238095","408.66190476190474","277.5952380952381","0.9967987194877951","0","4037.5478000000016","269.16985333333344","625.8969999999999","0","4.714285714285714","0","1","1.489328513064182","11","131"
"0","lookahead","42","18","4","1","13","0.06159328571428571","68984480","217","594.4864864864865","401.0135135135135","96.58108108108108","1","0","330.5066000000006","66.10132000000013","90.59429999999975","0","7.083333333333333","0","1","1.0289751551383644","0","0"
"0","future-hybrid","42","18","14","1","3","0.22167613392857144","248277270","631","489.15714285714284","414.4047619047619","221.9952380952381","0.9935974389755903","0","4071.0506000000014","271.40337333333343","759.3654000000006","0","4.261904761904762","0","2","1.4440739074896787","8","138"
"1","strategy-greedy","43","18","3","1","14","0.031805775892857144","35622469","197","404.5357142857143","370.85714285714283","78.57142857142857","1","0","14.685400000002119","3.6713500000005297","4.289800000000469","0","","","0","0","0","0"
"1","macs","43","18","3","1","14","0.031805775892857144","35622469","197","404.5357142857143","370.85714285714283","78.57142857142857","1","0","17.069400000000314","4.267350000000079","9.252400000001217","0","","","0","0","0","0"
"1","tetris-reserved","43","18","8","1","9","0.15282102857142857","171159552","386","421.796875","390.140625","139.078125","1","0","546.7831999999999","60.753688888888874","286.3793000000005","0","4.222222222222222","0","0","0.35325437947199606","0","6"
"1","dynamic-reservation","43","18","6","1","11","0.11050457857142858","123765128","603","674.8369565217391","401.44565217391306","210.6086956521739","1","0","371.5466000000015","53.078085714285926","150.8760000000002","0","5.333333333333333","0","2","1.4617252472984612","5","107"
"1","lookahead","43","18","6","1","11","0.11050457857142858","123765128","603","674.8369565217391","401.44565217391306","210.6086956521739","1","0","331.28009999999995","47.32572857142856","81.16280000000006","0","5.333333333333333","0","2","1.4617252472984612","0","0"
"1","future-hybrid","43","18","6","1","11","0.11050457857142858","123765128","603","674.8369565217391","401.44565217391306","210.6086956521739","1","0","384.1672000000035","54.88102857142907","155.02909999999974","0","5.333333333333333","0","2","1.4617252472984612","5","107"
"2","strategy-greedy","44","18","1","1","16","0.020726761607142857","23213973","179","500","400","89.5","1","0","2.2402000000001863","1.1201000000000931","1.4927999999999884","0","","","0","0","0","0"
"2","macs","44","18","1","1","16","0.020726761607142857","23213973","179","500","400","89.5","1","0","7.372400000000198","3.686200000000099","6.3606999999992695","0","","","0","0","0","0"
"2","tetris-reserved","44","18","11","1","6","0.18351521875","205537045","627","509.17676767676767","268.2070707070707","220.7020202020202","1","0","864.1404000000002","72.01170000000002","141.9416000000001","0","5.416666666666667","0","1","0.9751866306034083","0","6"
"2","dynamic-reservation","44","18","11","1","6","0.18351521875","205537045","603","401.07575757575756","271.5","220.16666666666666","1","0","2129.9264999999996","177.49387499999997","363.01590000000033","0","8","0","1","0.6440197778616678","12","156"
"2","lookahead","44","18","10","1","7","0.17166192321428572","192261354","434","520.8333333333334","353.3709677419355","147.8978494623656","1","0","1089.7727000000014","99.07024545454557","176.29119999999966","0","4.2","0","2","2.202062221520915","0","0"
"2","future-hybrid","44","18","11","1","6","0.18351521875","205537045","603","401.07575757575756","271.5","220.16666666666666","1","0","2215.017300000005","184.5847750000004","401.446100000001","0","7.9393939393939394","0","1","0.6440197778616678","12","152"