tick,placed,box_id,completion,occupied_utilization,center_x_mm,center_y_mm,center_z_mm,min_margin_mm,tipping_g,plan_ms,model_work_s,path_m,returned_candidates,valid_candidates
0,0,,0,0,,,,,,0,0,,0,0
1,1,B003,0.125,0.020020325,269,156,117.5,156,1.327659574468085,29.100000023841858,11.764705882352942,8.3,48,40
2,2,B006,0.25,0.0441514546875,200.83357108892056,389.67094626723724,141.90893961008084,154.5,1.4152284672180997,171.5,12.131764705882354,8.612,359,70
3,3,B001,0.375,0.0812329546875,395.58632640201637,317.90957781978574,164.7161310649023,154.5,1.930045198150759,244.5,12.39764705882353,8.838,314,76
4,4,B002,0.5,0.11183564505208334,413.530591775326,366.81293881644933,174.16323971915747,154.5,2.10614443902137,121.80000007152557,12.544705882352943,8.963,256,69
5,5,B004,0.625,0.13160716380208334,436.46368977673325,377.33525264394825,176.2237367802585,121,2.1412283018062714,223.5,12.955294117647057,9.312,256,53
6,6,B007,0.75,0.14209403880208332,436.47046453832917,470.8425731217741,174.68935194035555,117.5,2.4985521996060407,338.89999997615814,13.023529411764699,9.37,192,25
7,6,,0.75,0.14209403880208332,436.47046453832917,470.8425731217741,174.68935194035555,117.5,2.4985521996060407,459,0,,128,0
8,6,,0.75,0.14209403880208332,436.47046453832917,470.8425731217741,174.68935194035555,117.5,2.4985521996060407,289.3000000715256,0,,128,0
9,6,,0.75,0.14209403880208332,436.47046453832917,470.8425731217741,174.68935194035555,117.5,2.4985521996060407,222.69999992847443,0,,64,0