mode,seed,placed,unplaced,utilization,heightMm,planningMs,modelExecutionSeconds
A,42,5,3,0.13160716380208334,422,228.90000009536743,63.684705882352944
B,42,6,2,0.14209403880208332,422,1184.1000000238419,74.38235294117646
C,42,6,2,0.14209403880208332,422,2187.699999809265,74.81764705882352
A,43,6,2,0.16555298723958334,640,135.30000007152557,76.94235294117645
B,43,6,2,0.16555298723958334,640,692.7000000476837,73.81882352941176
C,43,7,1,0.18677426328125,670,925.700000166893,84.9855882352941
A,44,5,3,0.15449806041666667,426,61.80000019073486,65.27647058823528
B,44,4,4,0.12111576354166667,413,390.10000014305115,48.92588235294117
C,44,7,1,0.21707041197916666,745,838.9999998807907,87.03647058823529
